{"stats":{"minecraft:crafted":{"minecraft:oak_planks":8,"minecraft:crafting_table":1,"minecraft:stick":4,"minecraft:iron_pickaxe":1},"minecraft:picked_up":{"kimetsunoyaiba:human_flesh_2":1,"kimetsunoyaiba:blooddemonart_rui":2,"minecraft:cut_sandstone":2,"minecraft:leather":2,"betteranimalsplus:venisonraw":2,"waystones:sandy_waystone":1,"minecraft:oak_log":2,"gravestone:obituary":1,"artifacts:flame_pendant":1,"kimetsunoyaiba:boar_head":2,"kimetsunoyaiba:uniform_chestplate":1,"minecraft:dirt":14,"minecraft:orange_terracotta":1,"oddwatermobs:horseshoe_crab_thorax":1,"minecraft:leather_boots":1,"minecraft:bone":2,"minecraft:wheat_seeds":2,"betteranimalsplus:antler":2,"minecraft:rabbit_hide":1,"minecraft:iron_ingot":3,"artifacts:whoopee_cushion":1,"minecraft:iron_nugget":2,"minecraft:poppy":2,"kimetsunoyaiba:muzanblood":1,"minecraft:sand":4,"kimetsunoyaiba:nichirinsword_water":1,"minecraft:white_bed":1,"kimetsunoyaiba:zenitsu_head_helmet":1,"minecraft:spider_eye":2,"minecraft:stone_pressure_plate":1,"minecraft:tnt":8,"minecraft:arrow":1,"minecraft:rotten_flesh":2,"kimetsunoyaiba:boar_flesh":6,"minecraft:coal":1,"minecraft:white_wool":2},"minecraft:killed":{"kimetsunoyaiba:demon":1,"minecraft:cave_spider":1,"kimetsunoyaiba:rui":1,"minecraft:iron_golem":1,"kimetsunoyaiba:boar":5,"oddwatermobs:horseshoe_crab":1,"kimetsunoyaiba:kasugai_crow":1,"betteranimalsplus:deer":1},"minecraft:custom":{"lootr:looted_stat":17,"minecraft:mob_kills":17,"minecraft:interact_with_crafting_table":1,"minecraft:open_barrel":1,"minecraft:play_one_minute":71025,"minecraft:damage_dealt_resisted":3267,"minecraft:leave_game":5,"minecraft:time_since_death":13148,"minecraft:climb_one_cm":170,"minecraft:damage_resisted":332,"minecraft:time_since_rest":13245,"minecraft:sprint_one_cm":265619,"minecraft:damage_taken":1987,"minecraft:walk_one_cm":127513,"minecraft:trigger_trapped_chest":1,"minecraft:drop":22,"minecraft:damage_dealt":5003,"minecraft:swim_one_cm":10191,"minecraft:talked_to_villager":1,"minecraft:fly_one_cm":599313,"minecraft:crouch_one_cm":4850,"minecraft:deaths":1,"minecraft:sneak_time":1865,"minecraft:walk_under_water_one_cm":6443,"minecraft:jump":2044,"minecraft:walk_on_water_one_cm":11664,"minecraft:fall_one_cm":88565},"minecraft:used":{"minecraft:cut_sandstone":2,"kimetsunoyaiba:human_flesh_2":1,"minecraft:dirt":10,"minecraft:crafting_table":1,"minecraft:bread":26,"minecraft:iron_pickaxe":14,"kimetsunoyaiba:nichirinsword_black":4,"kimetsunoyaiba:boar_flesh":6,"minecraft:wooden_sword":165,"kimetsunoyaiba:blooddemonart_rui":4,"kimetsunoyaiba:nichirinsword_water":39,"betteranimalsplus:venisonraw":2},"minecraft:dropped":{"kimetsunoyaiba:zenitsu_head_helmet":1,"minecraft:iron_nugget":2,"minecraft:rotten_flesh":1,"kimetsunoyaiba:uniform_chestplate":1,"artifacts:whoopee_cushion":2,"minecraft:stick":2,"kimetsunoyaiba:blooddemonart_rui":1,"betteranimalsplus:antler":1,"gravestone:obituary":2,"minecraft:spider_eye":1,"minecraft:wooden_sword":1,"minecraft:sand":4,"kimetsunoyaiba:nichirinsword_water":1,"minecraft:white_wool":2,"minecraft:bone":4},"minecraft:mined":{"minecraft:cut_sandstone":2,"minecraft:stone_pressure_plate":1,"minecraft:white_bed":1,"minecraft:orange_terracotta":1,"gravestone:gravestone":1,"minecraft:grass_block":9,"quark:pink_blossom_leaves":3,"minecraft:tnt":9,"minecraft:grass":8,"minecraft:oak_log":2,"minecraft:dirt":1,"minecraft:oak_leaves":1}},"DataVersion":2586}