{"stats":{"minecraft:crafted":{"minecraft:oak_planks":16,"quark:orange_rune":1,"kimetsunoyaiba:nichirinsword":2,"minecraft:dark_oak_planks":4,"minecraft:crafting_table":4,"minecraft:bread":12,"minecraft:stick":4,"minecraft:iron_pickaxe":1,"minecraft:torch":4},"minecraft:dropped":{"minecraft:enchanted_book":1,"minecraft:wheat_seeds":32,"kimetsunoyaiba:clothes_zenitsu_chestplate":1,"kimetsunoyaiba:pancake":5,"kimetsunoyaiba:muzan_hat_helmet":1,"quark:marble":1,"minecraft:cookie":1,"minecraft:feather":2,"minecraft:cobblestone":1,"kimetsunoyaiba:nichirinsword_thunder":3,"kimetsunoyaiba:fusuma":2,"artifacts:whoopee_cushion":2,"minecraft:leather":6,"minecraft:apple":2,"minecraft:emerald":1,"minecraft:cod":3,"minecraft:stick":2,"minecraft:dirt":1,"kimetsunoyaiba:human_flesh_2":3,"minecraft:gray_wool":1,"minecraft:torch":2,"minecraft:cornflower":3,"minecraft:mutton":2,"kimetsunoyaiba:demon_hand":1,"artifacts:charm_of_sinking":1,"gravestone:obituary":5,"minecraft:writable_book":1,"minecraft:wooden_sword":1,"minecraft:sand":4,"kimetsunoyaiba:kemari":1,"minecraft:white_wool":2,"minecraft:bone":18,"quark:ancient_tome":4,"quark:tallow":1,"kimetsunoyaiba:zenitsu_head_helmet":1,"minecraft:iron_nugget":2,"kimetsunoyaiba:nichirinsword_black":2,"minecraft:wheat":3,"minecraft:chicken":1,"minecraft:rotten_flesh":9,"kimetsunoyaiba:uniform_chestplate":1,"kimetsunoyaiba:uniform_boots":1,"minecraft:enchanted_golden_apple":1,"kimetsunoyaiba:muzanblood":4,"minecraft:azure_bluet":1,"minecraft:white_bed":1,"minecraft:salmon":3,"kimetsunoyaiba:blooddemonart_rui":2,"minecraft:poppy":2,"minecraft:shield":1,"kimetsunoyaiba:fusuma_mesh":1,"minecraft:iron_chestplate":1,"betteranimalsplus:boarhead_gray":1,"betteranimalsplus:antler":2,"minecraft:spider_eye":1,"minecraft:arrow":5,"kimetsunoyaiba:nichirinsword_water":1,"minecraft:dead_brain_coral_block":1,"kimetsunoyaiba:boar_head":1},"minecraft:picked_up":{"kimetsunoyaiba:blooddemonart_rui":2,"kimetsunoyaiba:futon":4,"minecraft:iron_chestplate":1,"minecraft:wheat":1,"minecraft:azure_bluet":1,"minecraft:chicken":1,"kimetsunoyaiba:nichirinsword_thunder":2,"kimetsunoyaiba:udon":4,"betteranimalsplus:venisonraw":2,"minecraft:enchanted_book":2,"gravestone:obituary":1,"minecraft:lapis_block":3,"minecraft:cornflower":3,"minecraft:string":4,"kimetsunoyaiba:nichirinsword_inosuke":1,"minecraft:experience_bottle":1,"minecraft:beef":8,"minecraft:iron_nugget":2,"minecraft:poppy":6,"kimetsunoyaiba:clothes_rengoku_chestplate":2,"minecraft:egg":1,"minecraft:stick":1,"kimetsunoyaiba:nichirinsword_black":2,"minecraft:torch":2,"minecraft:porkchop":7,"kimetsunoyaiba:nichirinsword_water":1,"minecraft:redstone":14,"kimetsunoyaiba:zenitsu_head_helmet":1,"minecraft:stone_pressure_plate":1,"quark:ancient_tome":7,"minecraft:tnt":8,"minecraft:arrow":12,"minecraft:rotten_flesh":12,"kimetsunoyaiba:boar_flesh":6,"kimetsunoyaiba:demon_hand":1,"minecraft:mutton":23,"quark:marble":1,"minecraft:white_wool":12,"minecraft:cobblestone":1,"kimetsunoyaiba:human_flesh_2":5,"minecraft:stripped_oak_log":2,"kimetsunoyaiba:bento":5,"minecraft:feather":2,"kimetsunoyaiba:pancake":2,"minecraft:cut_sandstone":2,"minecraft:leather":6,"waystones:sandy_waystone":1,"minecraft:oak_log":2,"kimetsunoyaiba:fusuma":2,"artifacts:flame_pendant":1,"minecraft:gunpowder":2,"kimetsunoyaiba:boar_head":3,"kimetsunoyaiba:uniform_chestplate":1,"minecraft:dirt":32,"oddwatermobs:horseshoe_crab_thorax":1,"kimetsunoyaiba:kemari":1,"minecraft:orange_terracotta":1,"minecraft:leather_boots":1,"minecraft:bone":12,"minecraft:wheat_seeds":36,"betteranimalsplus:antler":2,"minecraft:rabbit_hide":1,"minecraft:iron_ingot":12,"artifacts:whoopee_cushion":1,"quark:tallow":1,"kimetsunoyaiba:muzanblood":2,"minecraft:dark_oak_slab":1,"kimetsunoyaiba:clothes_zenitsu_chestplate":1,"minecraft:cooked_porkchop":1,"minecraft:dandelion":7,"minecraft:sand":4,"kimetsunoyaiba:fusuma_mesh":3,"minecraft:white_bed":1,"minecraft:grass_block":1,"minecraft:spider_eye":4,"betteranimalsplus:boarhead_gray":1,"minecraft:diamond":7,"kimetsunoyaiba:shamisen":2,"kimetsunoyaiba:uniform_boots":2,"minecraft:writable_book":1,"minecraft:dead_brain_coral_block":1,"minecraft:gray_wool":2,"kimetsunoyaiba:nichirinsword":1,"minecraft:stripped_dark_oak_log":1,"minecraft:coal":29},"minecraft:killed_by":{"minecraft:husk":1,"betteranimalsplus:boar":1,"kimetsunoyaiba:gyokko":1},"minecraft:killed":{"guardvillagers:guard":1,"minecraft:cave_spider":1,"kimetsunoyaiba:demon_slayer":1,"betteranimalsplus:boar":1,"oddwatermobs:horseshoe_crab":1,"betteranimalsplus:deer":1,"kimetsunoyaiba:demon":3,"quark:stoneling":1,"kimetsunoyaiba:demon_2":3,"kimetsunoyaiba:rui":1,"minecraft:iron_golem":1,"kimetsunoyaiba:boar":6,"kimetsunoyaiba:haganeduka":1,"betteranimalsplus:pheasant":1,"minecraft:sheep":2,"kimetsunoyaiba:kasugai_crow":3,"minecraft:zombie":4,"kimetsunoyaiba:susamaru":1,"minecraft:villager":1},"minecraft:used":{"minecraft:writable_book":2,"waystones:sandy_waystone":1,"minecraft:torch":2,"minecraft:dirt":11,"minecraft:mutton":4,"minecraft:carrot":5,"kimetsunoyaiba:bento":18,"kimetsunoyaiba:nichirinswordmoon":149,"minecraft:dark_oak_slab":1,"kimetsunoyaiba:udon":2,"kimetsunoyaiba:boar_flesh":6,"minecraft:beef":3,"minecraft:cooked_cod":3,"kimetsunoyaiba:blooddemonart_rui":4,"minecraft:egg":1,"betteranimalsplus:venisonraw":2,"kimetsunoyaiba:pancake":2,"minecraft:cut_sandstone":2,"kimetsunoyaiba:human_flesh_2":1,"minecraft:white_wool":1,"minecraft:golden_apple":1,"minecraft:crafting_table":4,"kimetsunoyaiba:demon_hand":4,"kimetsunoyaiba:sakura_mochi":3,"kimetsunoyaiba:nichirinsword_inosuke":1,"kimetsunoyaiba:futon":3,"minecraft:bread":71,"minecraft:iron_pickaxe":43,"kimetsunoyaiba:nichirinsword_black":60,"minecraft:wooden_sword":165,"minecraft:porkchop":2,"minecraft:cooked_porkchop":1,"kimetsunoyaiba:fusuma_mesh":2,"minecraft:splash_potion":1,"kimetsunoyaiba:nichirinsword_water":160,"minecraft:experience_bottle":1},"minecraft:custom":{"lootr:looted_stat":27,"minecraft:interact_with_anvil":2,"minecraft:mob_kills":53,"minecraft:interact_with_crafting_table":7,"minecraft:open_barrel":12,"minecraft:damage_dealt_resisted":7967,"minecraft:leave_game":11,"minecraft:time_since_death":43785,"minecraft:climb_one_cm":474,"minecraft:damage_resisted":2635,"minecraft:sprint_one_cm":1544178,"minecraft:walk_one_cm":500122,"minecraft:drop":122,"minecraft:talked_to_villager":6,"minecraft:deaths":5,"minecraft:sneak_time":3273,"minecraft:walk_under_water_one_cm":8517,"minecraft:interact_with_lectern":1,"minecraft:interact_with_brewingstand":3,"minecraft:jump":5067,"minecraft:interact_with_blast_furnace":1,"minecraft:walk_on_water_one_cm":57299,"minecraft:play_one_minute":230715,"minecraft:time_since_rest":44555,"minecraft:waystone_activated":2,"minecraft:open_enderchest":1,"minecraft:damage_taken":5725,"minecraft:damage_absorbed":40,"minecraft:trigger_trapped_chest":1,"minecraft:damage_dealt":12359,"minecraft:swim_one_cm":15391,"minecraft:fly_one_cm":1891001,"minecraft:open_chest":40,"minecraft:crouch_one_cm":9607,"minecraft:fall_one_cm":251218},"minecraft:mined":{"kimetsunoyaiba:bamboo_fence":1,"minecraft:diamond_ore":7,"minecraft:stone_pressure_plate":1,"minecraft:white_bed":1,"kimetsunoyaiba:bento_block":5,"kimetsunoyaiba:fusuma_mesh":2,"gravestone:gravestone":4,"minecraft:grass_block":11,"kimetsunoyaiba:futon_2":4,"quark:pink_blossom_leaves":3,"minecraft:stripped_oak_log":2,"minecraft:blue_orchid":1,"minecraft:stone":1,"minecraft:cut_sandstone":2,"minecraft:stripped_dark_oak_log":1,"minecraft:orange_terracotta":1,"minecraft:cornflower":1,"kimetsunoyaiba:udon_block":4,"minecraft:rose_bush":1,"minecraft:tall_grass":13,"kimetsunoyaiba:shamisen_block":2,"minecraft:dark_oak_slab":1,"minecraft:lapis_block":4,"quark:marble":1,"minecraft:tnt":9,"kimetsunoyaiba:fusuma":1,"minecraft:grass":76,"minecraft:dead_brain_coral_block":1,"minecraft:oak_log":2,"minecraft:coal_ore":10,"minecraft:sand":2,"minecraft:dirt":1,"minecraft:oak_leaves":1}},"DataVersion":2586}