{"stats":{"minecraft:crafted":{"minecraft:oak_planks":12,"quark:orange_rune":1,"kimetsunoyaiba:nichirinsword":1,"minecraft:dark_oak_planks":4,"minecraft:crafting_table":3,"minecraft:bread":12,"minecraft:stick":4,"minecraft:iron_pickaxe":1},"minecraft:dropped":{"minecraft:enchanted_book":1,"minecraft:wheat_seeds":29,"kimetsunoyaiba:clothes_zenitsu_chestplate":1,"kimetsunoyaiba:pancake":5,"kimetsunoyaiba:muzan_hat_helmet":1,"quark:marble":1,"minecraft:cookie":1,"minecraft:feather":2,"minecraft:cobblestone":1,"kimetsunoyaiba:nichirinsword_thunder":2,"artifacts:whoopee_cushion":2,"minecraft:leather":3,"minecraft:apple":2,"minecraft:emerald":1,"minecraft:cod":3,"minecraft:stick":2,"minecraft:dirt":1,"kimetsunoyaiba:human_flesh_2":3,"minecraft:gray_wool":1,"minecraft:cornflower":3,"minecraft:mutton":2,"kimetsunoyaiba:demon_hand":1,"artifacts:charm_of_sinking":1,"gravestone:obituary":5,"minecraft:writable_book":1,"minecraft:wooden_sword":1,"minecraft:sand":4,"kimetsunoyaiba:kemari":1,"minecraft:white_wool":2,"minecraft:bone":14,"quark:ancient_tome":4,"kimetsunoyaiba:zenitsu_head_helmet":1,"minecraft:iron_nugget":2,"minecraft:wheat":3,"minecraft:rotten_flesh":5,"kimetsunoyaiba:uniform_chestplate":1,"kimetsunoyaiba:uniform_boots":1,"minecraft:enchanted_golden_apple":1,"kimetsunoyaiba:muzanblood":4,"minecraft:azure_bluet":1,"minecraft:white_bed":1,"minecraft:salmon":3,"kimetsunoyaiba:blooddemonart_rui":2,"minecraft:poppy":2,"minecraft:shield":1,"kimetsunoyaiba:fusuma_mesh":1,"minecraft:iron_chestplate":1,"betteranimalsplus:boarhead_gray":1,"betteranimalsplus:antler":2,"minecraft:spider_eye":1,"minecraft:arrow":5,"kimetsunoyaiba:nichirinsword_water":1,"minecraft:dead_brain_coral_block":1,"kimetsunoyaiba:boar_head":1},"minecraft:picked_up":{"kimetsunoyaiba:blooddemonart_rui":2,"kimetsunoyaiba:futon":4,"minecraft:iron_chestplate":1,"minecraft:wheat":1,"minecraft:azure_bluet":1,"minecraft:chicken":1,"kimetsunoyaiba:nichirinsword_thunder":2,"kimetsunoyaiba:udon":1,"betteranimalsplus:venisonraw":2,"minecraft:enchanted_book":2,"gravestone:obituary":1,"minecraft:lapis_block":3,"minecraft:cornflower":3,"minecraft:string":4,"kimetsunoyaiba:nichirinsword_inosuke":1,"minecraft:experience_bottle":1,"minecraft:beef":8,"minecraft:iron_nugget":2,"minecraft:poppy":6,"kimetsunoyaiba:clothes_rengoku_chestplate":2,"minecraft:egg":1,"minecraft:porkchop":7,"kimetsunoyaiba:nichirinsword_water":1,"kimetsunoyaiba:zenitsu_head_helmet":1,"minecraft:stone_pressure_plate":1,"quark:ancient_tome":7,"minecraft:tnt":8,"minecraft:arrow":12,"minecraft:rotten_flesh":11,"kimetsunoyaiba:boar_flesh":6,"kimetsunoyaiba:demon_hand":1,"minecraft:mutton":23,"quark:marble":1,"minecraft:white_wool":12,"minecraft:cobblestone":1,"kimetsunoyaiba:human_flesh_2":4,"minecraft:stripped_oak_log":1,"kimetsunoyaiba:bento":1,"minecraft:feather":2,"kimetsunoyaiba:pancake":2,"minecraft:cut_sandstone":2,"minecraft:leather":6,"waystones:sandy_waystone":1,"minecraft:oak_log":2,"artifacts:flame_pendant":1,"minecraft:gunpowder":2,"kimetsunoyaiba:boar_head":3,"kimetsunoyaiba:uniform_chestplate":1,"minecraft:dirt":32,"oddwatermobs:horseshoe_crab_thorax":1,"kimetsunoyaiba:kemari":1,"minecraft:orange_terracotta":1,"minecraft:leather_boots":1,"minecraft:bone":12,"minecraft:wheat_seeds":36,"betteranimalsplus:antler":2,"minecraft:rabbit_hide":1,"minecraft:iron_ingot":12,"artifacts:whoopee_cushion":1,"quark:tallow":1,"kimetsunoyaiba:muzanblood":2,"minecraft:dark_oak_slab":1,"kimetsunoyaiba:clothes_zenitsu_chestplate":1,"minecraft:cooked_porkchop":1,"minecraft:sand":4,"kimetsunoyaiba:fusuma_mesh":3,"minecraft:white_bed":1,"minecraft:grass_block":1,"minecraft:spider_eye":2,"betteranimalsplus:boarhead_gray":1,"kimetsunoyaiba:uniform_boots":1,"minecraft:writable_book":1,"minecraft:dead_brain_coral_block":1,"minecraft:gray_wool":2,"kimetsunoyaiba:nichirinsword":1,"minecraft:stripped_dark_oak_log":1,"minecraft:coal":11},"minecraft:killed_by":{"minecraft:husk":1,"betteranimalsplus:boar":1,"kimetsunoyaiba:gyokko":1},"minecraft:killed":{"guardvillagers:guard":1,"minecraft:cave_spider":1,"betteranimalsplus:boar":1,"oddwatermobs:horseshoe_crab":1,"betteranimalsplus:deer":1,"kimetsunoyaiba:demon":3,"kimetsunoyaiba:demon_2":3,"kimetsunoyaiba:rui":1,"minecraft:iron_golem":1,"kimetsunoyaiba:haganeduka":1,"kimetsunoyaiba:boar":5,"betteranimalsplus:pheasant":1,"minecraft:sheep":2,"kimetsunoyaiba:kasugai_crow":1,"minecraft:zombie":3,"kimetsunoyaiba:susamaru":1,"minecraft:villager":1},"minecraft:used":{"minecraft:writable_book":2,"waystones:sandy_waystone":1,"minecraft:dirt":11,"minecraft:mutton":4,"minecraft:carrot":5,"kimetsunoyaiba:bento":12,"kimetsunoyaiba:nichirinswordmoon":149,"minecraft:dark_oak_slab":1,"kimetsunoyaiba:udon":1,"kimetsunoyaiba:boar_flesh":6,"minecraft:beef":3,"minecraft:cooked_cod":3,"kimetsunoyaiba:blooddemonart_rui":4,"minecraft:egg":1,"betteranimalsplus:venisonraw":2,"kimetsunoyaiba:pancake":2,"minecraft:cut_sandstone":2,"kimetsunoyaiba:human_flesh_2":1,"minecraft:white_wool":1,"minecraft:golden_apple":1,"minecraft:crafting_table":3,"kimetsunoyaiba:demon_hand":4,"kimetsunoyaiba:sakura_mochi":3,"kimetsunoyaiba:nichirinsword_inosuke":1,"kimetsunoyaiba:futon":3,"minecraft:bread":71,"minecraft:iron_pickaxe":35,"kimetsunoyaiba:nichirinsword_black":50,"minecraft:wooden_sword":165,"minecraft:porkchop":2,"minecraft:cooked_porkchop":1,"kimetsunoyaiba:fusuma_mesh":2,"minecraft:splash_potion":1,"kimetsunoyaiba:nichirinsword_water":154,"minecraft:experience_bottle":1},"minecraft:custom":{"lootr:looted_stat":27,"minecraft:interact_with_anvil":2,"minecraft:mob_kills":47,"minecraft:interact_with_crafting_table":6,"minecraft:open_barrel":11,"minecraft:damage_dealt_resisted":7916,"minecraft:leave_game":10,"minecraft:time_since_death":26053,"minecraft:climb_one_cm":474,"minecraft:damage_resisted":2122,"minecraft:sprint_one_cm":1387177,"minecraft:walk_one_cm":451748,"minecraft:drop":108,"minecraft:talked_to_villager":6,"minecraft:deaths":5,"minecraft:sneak_time":3244,"minecraft:walk_under_water_one_cm":8517,"minecraft:interact_with_lectern":1,"minecraft:interact_with_brewingstand":3,"minecraft:jump":4757,"minecraft:interact_with_blast_furnace":1,"minecraft:walk_on_water_one_cm":52028,"minecraft:play_one_minute":212983,"minecraft:time_since_rest":26823,"minecraft:waystone_activated":2,"minecraft:open_enderchest":1,"minecraft:damage_taken":5051,"minecraft:damage_absorbed":40,"minecraft:trigger_trapped_chest":1,"minecraft:damage_dealt":11539,"minecraft:swim_one_cm":15391,"minecraft:fly_one_cm":1768703,"minecraft:open_chest":29,"minecraft:crouch_one_cm":9366,"minecraft:fall_one_cm":226591},"minecraft:mined":{"kimetsunoyaiba:bamboo_fence":1,"minecraft:stone_pressure_plate":1,"minecraft:white_bed":1,"kimetsunoyaiba:bento_block":1,"kimetsunoyaiba:fusuma_mesh":2,"gravestone:gravestone":4,"minecraft:grass_block":11,"kimetsunoyaiba:futon_2":4,"quark:pink_blossom_leaves":3,"minecraft:stripped_oak_log":1,"minecraft:blue_orchid":1,"minecraft:stone":1,"minecraft:cut_sandstone":2,"minecraft:stripped_dark_oak_log":1,"minecraft:orange_terracotta":1,"minecraft:cornflower":1,"kimetsunoyaiba:udon_block":1,"minecraft:rose_bush":1,"minecraft:tall_grass":12,"minecraft:dark_oak_slab":1,"minecraft:lapis_block":4,"quark:marble":1,"minecraft:tnt":9,"minecraft:grass":76,"minecraft:dead_brain_coral_block":1,"minecraft:oak_log":2,"minecraft:coal_ore":10,"minecraft:sand":2,"minecraft:dirt":1,"minecraft:oak_leaves":1}},"DataVersion":2586}