{"stats":{"minecraft:picked_up":{"kimetsunoyaiba:blooddemonart_rui":1,"kimetsunoyaiba:muzanblood":1,"betteranimalsplus:venisonraw":2,"gravestone:obituary":1,"kimetsunoyaiba:boar_head":2,"kimetsunoyaiba:uniform_chestplate":1,"minecraft:dirt":14,"minecraft:spider_eye":2,"oddwatermobs:horseshoe_crab_thorax":1,"minecraft:rotten_flesh":1,"minecraft:wheat_seeds":2,"betteranimalsplus:antler":2,"kimetsunoyaiba:boar_flesh":6,"minecraft:iron_nugget":2,"minecraft:coal":1},"minecraft:killed":{"kimetsunoyaiba:kasugai_crow":1,"minecraft:cave_spider":1,"betteranimalsplus:deer":1,"kimetsunoyaiba:rui":1,"kimetsunoyaiba:boar":5,"oddwatermobs:horseshoe_crab":1},"minecraft:custom":{"minecraft:time_since_rest":35025,"minecraft:sprint_one_cm":130418,"minecraft:damage_taken":666,"minecraft:walk_one_cm":61898,"minecraft:trigger_trapped_chest":1,"minecraft:mob_kills":11,"minecraft:drop":5,"minecraft:damage_dealt":3577,"minecraft:swim_one_cm":8715,"minecraft:fly_one_cm":258475,"minecraft:open_barrel":1,"minecraft:crouch_one_cm":887,"minecraft:play_one_minute":35025,"minecraft:sneak_time":664,"minecraft:walk_under_water_one_cm":5624,"minecraft:damage_dealt_resisted":2949,"minecraft:jump":1203,"minecraft:leave_game":4,"minecraft:walk_on_water_one_cm":7587,"minecraft:time_since_death":35025,"minecraft:damage_resisted":5,"minecraft:fall_one_cm":34335},"minecraft:used":{"minecraft:bread":9,"kimetsunoyaiba:nichirinsword_black":4,"kimetsunoyaiba:boar_flesh":5,"minecraft:wooden_sword":165,"minecraft:dirt":10,"kimetsunoyaiba:nichirinsword_water":7,"betteranimalsplus:venisonraw":2},"minecraft:dropped":{"gravestone:obituary":1,"betteranimalsplus:antler":1,"minecraft:rotten_flesh":1,"kimetsunoyaiba:uniform_chestplate":1,"minecraft:spider_eye":1},"minecraft:mined":{"quark:pink_blossom_leaves":3,"minecraft:grass":7,"minecraft:grass_block":9,"minecraft:dirt":1,"minecraft:oak_leaves":1}},"DataVersion":2586}