{"stats":{"minecraft:crafted":{"minecraft:oak_planks":12,"quark:orange_rune":1,"kimetsunoyaiba:nichirinsword":1,"minecraft:dark_oak_planks":4,"minecraft:crafting_table":3,"minecraft:bread":12,"minecraft:stick":4,"minecraft:iron_pickaxe":1},"minecraft:dropped":{"minecraft:wheat_seeds":7,"kimetsunoyaiba:pancake":5,"quark:marble":1,"minecraft:cookie":1,"artifacts:whoopee_cushion":2,"minecraft:leather":2,"minecraft:apple":2,"minecraft:cod":3,"minecraft:stick":2,"minecraft:emerald":1,"kimetsunoyaiba:human_flesh_2":2,"minecraft:mutton":2,"kimetsunoyaiba:demon_hand":1,"artifacts:charm_of_sinking":1,"gravestone:obituary":2,"minecraft:wooden_sword":1,"minecraft:sand":4,"minecraft:white_wool":2,"minecraft:bone":11,"quark:ancient_tome":3,"kimetsunoyaiba:zenitsu_head_helmet":1,"minecraft:iron_nugget":2,"minecraft:rotten_flesh":1,"kimetsunoyaiba:uniform_chestplate":1,"minecraft:enchanted_golden_apple":1,"kimetsunoyaiba:muzanblood":1,"minecraft:azure_bluet":1,"minecraft:white_bed":1,"minecraft:salmon":3,"kimetsunoyaiba:blooddemonart_rui":2,"minecraft:shield":1,"kimetsunoyaiba:fusuma_mesh":1,"betteranimalsplus:boarhead_gray":1,"betteranimalsplus:antler":2,"minecraft:spider_eye":1,"minecraft:arrow":5,"kimetsunoyaiba:nichirinsword_water":1},"minecraft:picked_up":{"kimetsunoyaiba:futon":3,"kimetsunoyaiba:blooddemonart_rui":2,"minecraft:azure_bluet":1,"kimetsunoyaiba:nichirinsword_thunder":1,"kimetsunoyaiba:udon":1,"betteranimalsplus:venisonraw":2,"minecraft:enchanted_book":2,"gravestone:obituary":1,"minecraft:iron_nugget":2,"minecraft:poppy":2,"kimetsunoyaiba:clothes_rengoku_chestplate":1,"minecraft:porkchop":2,"kimetsunoyaiba:nichirinsword_water":1,"kimetsunoyaiba:zenitsu_head_helmet":1,"minecraft:stone_pressure_plate":1,"quark:ancient_tome":7,"minecraft:tnt":8,"minecraft:arrow":7,"minecraft:rotten_flesh":2,"kimetsunoyaiba:boar_flesh":6,"kimetsunoyaiba:demon_hand":1,"minecraft:mutton":12,"quark:marble":1,"minecraft:white_wool":8,"minecraft:cobblestone":1,"kimetsunoyaiba:human_flesh_2":3,"minecraft:stripped_oak_log":1,"kimetsunoyaiba:bento":1,"kimetsunoyaiba:pancake":2,"minecraft:leather":2,"minecraft:cut_sandstone":2,"waystones:sandy_waystone":1,"minecraft:oak_log":2,"minecraft:gunpowder":2,"artifacts:flame_pendant":1,"kimetsunoyaiba:boar_head":2,"kimetsunoyaiba:uniform_chestplate":1,"minecraft:dirt":15,"minecraft:leather_boots":1,"oddwatermobs:horseshoe_crab_thorax":1,"minecraft:orange_terracotta":1,"minecraft:bone":8,"minecraft:wheat_seeds":9,"betteranimalsplus:antler":2,"minecraft:rabbit_hide":1,"artifacts:whoopee_cushion":1,"minecraft:iron_ingot":3,"kimetsunoyaiba:muzanblood":1,"minecraft:dark_oak_slab":1,"minecraft:sand":4,"minecraft:white_bed":1,"kimetsunoyaiba:fusuma_mesh":3,"minecraft:spider_eye":2,"betteranimalsplus:boarhead_gray":1,"minecraft:dead_brain_coral_block":1,"minecraft:gray_wool":2,"minecraft:stripped_dark_oak_log":1,"minecraft:coal":11},"minecraft:killed_by":{"minecraft:husk":1},"minecraft:killed":{"minecraft:cave_spider":1,"oddwatermobs:horseshoe_crab":1,"betteranimalsplus:deer":1,"kimetsunoyaiba:demon":3,"kimetsunoyaiba:demon_2":3,"kimetsunoyaiba:rui":1,"minecraft:iron_golem":1,"kimetsunoyaiba:boar":5,"minecraft:sheep":2,"kimetsunoyaiba:kasugai_crow":1},"minecraft:used":{"minecraft:writable_book":2,"waystones:sandy_waystone":1,"minecraft:dirt":11,"minecraft:carrot":1,"kimetsunoyaiba:bento":12,"kimetsunoyaiba:nichirinswordmoon":102,"minecraft:dark_oak_slab":1,"kimetsunoyaiba:udon":1,"kimetsunoyaiba:boar_flesh":6,"kimetsunoyaiba:blooddemonart_rui":4,"minecraft:cooked_cod":3,"betteranimalsplus:venisonraw":2,"kimetsunoyaiba:pancake":2,"minecraft:cut_sandstone":2,"kimetsunoyaiba:human_flesh_2":1,"minecraft:white_wool":1,"minecraft:golden_apple":1,"minecraft:crafting_table":3,"kimetsunoyaiba:demon_hand":4,"kimetsunoyaiba:sakura_mochi":3,"kimetsunoyaiba:futon":2,"minecraft:bread":39,"minecraft:iron_pickaxe":30,"kimetsunoyaiba:nichirinsword_black":4,"minecraft:wooden_sword":165,"kimetsunoyaiba:fusuma_mesh":2,"kimetsunoyaiba:nichirinsword_water":114,"minecraft:splash_potion":1},"minecraft:mined":{"minecraft:stone_pressure_plate":1,"minecraft:white_bed":1,"kimetsunoyaiba:bento_block":1,"kimetsunoyaiba:fusuma_mesh":2,"gravestone:gravestone":2,"minecraft:grass_block":10,"kimetsunoyaiba:futon_2":3,"quark:pink_blossom_leaves":3,"minecraft:stripped_oak_log":1,"minecraft:stone":1,"minecraft:blue_orchid":1,"minecraft:cut_sandstone":2,"minecraft:stripped_dark_oak_log":1,"minecraft:orange_terracotta":1,"kimetsunoyaiba:udon_block":1,"minecraft:tall_grass":5,"minecraft:dark_oak_slab":1,"quark:marble":1,"minecraft:tnt":9,"minecraft:grass":37,"minecraft:dead_brain_coral_block":1,"minecraft:oak_log":2,"minecraft:coal_ore":10,"minecraft:sand":2,"minecraft:dirt":1,"minecraft:oak_leaves":1},"minecraft:custom":{"lootr:looted_stat":19,"minecraft:mob_kills":29,"minecraft:interact_with_crafting_table":6,"minecraft:open_barrel":11,"minecraft:damage_dealt_resisted":3978,"minecraft:leave_game":6,"minecraft:time_since_death":66700,"minecraft:climb_one_cm":474,"minecraft:damage_resisted":907,"minecraft:sprint_one_cm":847026,"minecraft:walk_one_cm":293964,"minecraft:drop":67,"minecraft:talked_to_villager":1,"minecraft:deaths":2,"minecraft:sneak_time":2873,"minecraft:walk_under_water_one_cm":7533,"minecraft:jump":3377,"minecraft:interact_with_brewingstand":3,"minecraft:interact_with_blast_furnace":1,"minecraft:walk_on_water_one_cm":28176,"minecraft:play_one_minute":142957,"minecraft:time_since_rest":66738,"minecraft:waystone_activated":1,"minecraft:open_enderchest":1,"minecraft:damage_taken":3322,"minecraft:damage_absorbed":40,"minecraft:trigger_trapped_chest":1,"minecraft:damage_dealt":7689,"minecraft:swim_one_cm":13126,"minecraft:fly_one_cm":1171355,"minecraft:open_chest":26,"minecraft:crouch_one_cm":8420,"minecraft:fall_one_cm":140421}},"DataVersion":2586}