{"stats":{"minecraft:picked_up":{"kimetsunoyaiba:blooddemonart_rui":2,"kimetsunoyaiba:muzanblood":1,"betteranimalsplus:venisonraw":2,"gravestone:obituary":1,"kimetsunoyaiba:zenitsu_head_helmet":1,"kimetsunoyaiba:boar_head":2,"kimetsunoyaiba:uniform_chestplate":1,"minecraft:dirt":14,"minecraft:spider_eye":2,"oddwatermobs:horseshoe_crab_thorax":1,"minecraft:rotten_flesh":1,"minecraft:wheat_seeds":2,"betteranimalsplus:antler":2,"kimetsunoyaiba:boar_flesh":6,"minecraft:iron_nugget":2,"minecraft:coal":1},"minecraft:killed":{"kimetsunoyaiba:kasugai_crow":1,"minecraft:cave_spider":1,"betteranimalsplus:deer":1,"kimetsunoyaiba:rui":1,"kimetsunoyaiba:boar":5,"oddwatermobs:horseshoe_crab":1},"minecraft:custom":{"minecraft:time_since_rest":47025,"lootr:looted_stat":8,"minecraft:sprint_one_cm":165290,"minecraft:damage_taken":860,"minecraft:walk_one_cm":89409,"minecraft:trigger_trapped_chest":1,"minecraft:mob_kills":14,"minecraft:drop":8,"minecraft:damage_dealt":3964,"minecraft:talked_to_villager":1,"minecraft:swim_one_cm":8715,"minecraft:fly_one_cm":326809,"minecraft:open_barrel":1,"minecraft:crouch_one_cm":1793,"minecraft:play_one_minute":47025,"minecraft:sneak_time":881,"minecraft:walk_under_water_one_cm":5624,"minecraft:damage_dealt_resisted":3123,"minecraft:jump":1433,"minecraft:leave_game":4,"minecraft:walk_on_water_one_cm":7925,"minecraft:time_since_death":47025,"minecraft:climb_one_cm":170,"minecraft:damage_resisted":52,"minecraft:fall_one_cm":44829},"minecraft:used":{"minecraft:bread":11,"kimetsunoyaiba:nichirinsword_black":4,"kimetsunoyaiba:boar_flesh":6,"minecraft:wooden_sword":165,"minecraft:dirt":10,"kimetsunoyaiba:blooddemonart_rui":4,"kimetsunoyaiba:nichirinsword_water":23,"betteranimalsplus:venisonraw":2},"minecraft:mined":{"quark:pink_blossom_leaves":3,"minecraft:grass":7,"minecraft:grass_block":9,"minecraft:dirt":1,"minecraft:oak_leaves":1},"minecraft:dropped":{"kimetsunoyaiba:blooddemonart_rui":1,"kimetsunoyaiba:zenitsu_head_helmet":1,"minecraft:wooden_sword":1,"gravestone:obituary":1,"betteranimalsplus:antler":1,"minecraft:rotten_flesh":1,"kimetsunoyaiba:uniform_chestplate":1,"minecraft:spider_eye":1}},"DataVersion":2586}