{"stats":{"minecraft:picked_up":{"kimetsunoyaiba:human_flesh_2":1,"kimetsunoyaiba:blooddemonart_rui":2,"kimetsunoyaiba:muzanblood":1,"minecraft:leather":2,"betteranimalsplus:venisonraw":2,"minecraft:sand":4,"kimetsunoyaiba:nichirinsword_water":1,"minecraft:oak_log":1,"gravestone:obituary":1,"artifacts:flame_pendant":1,"kimetsunoyaiba:boar_head":2,"kimetsunoyaiba:uniform_chestplate":1,"kimetsunoyaiba:zenitsu_head_helmet":1,"minecraft:spider_eye":2,"minecraft:dirt":14,"minecraft:leather_boots":1,"oddwatermobs:horseshoe_crab_thorax":1,"minecraft:bone":2,"minecraft:arrow":1,"minecraft:rotten_flesh":2,"minecraft:wheat_seeds":2,"betteranimalsplus:antler":2,"minecraft:rabbit_hide":1,"kimetsunoyaiba:boar_flesh":6,"minecraft:iron_ingot":3,"artifacts:whoopee_cushion":1,"minecraft:iron_nugget":2,"minecraft:poppy":2,"minecraft:coal":1,"minecraft:white_wool":2},"minecraft:killed":{"minecraft:cave_spider":1,"kimetsunoyaiba:kasugai_crow":1,"betteranimalsplus:deer":1,"kimetsunoyaiba:rui":1,"minecraft:iron_golem":1,"kimetsunoyaiba:boar":5,"oddwatermobs:horseshoe_crab":1},"minecraft:custom":{"minecraft:time_since_rest":1245,"lootr:looted_stat":12,"minecraft:sprint_one_cm":207944,"minecraft:damage_taken":1564,"minecraft:walk_one_cm":110151,"minecraft:trigger_trapped_chest":1,"minecraft:mob_kills":15,"minecraft:drop":14,"minecraft:damage_dealt":4801,"minecraft:crouch_one_cm":4773,"minecraft:deaths":1,"minecraft:open_barrel":1,"minecraft:swim_one_cm":8715,"minecraft:fly_one_cm":439984,"minecraft:talked_to_villager":1,"minecraft:play_one_minute":59025,"minecraft:sneak_time":1858,"minecraft:walk_under_water_one_cm":5624,"minecraft:jump":1670,"minecraft:damage_dealt_resisted":3195,"minecraft:leave_game":5,"minecraft:time_since_death":1148,"minecraft:walk_on_water_one_cm":9254,"minecraft:climb_one_cm":170,"minecraft:damage_resisted":227,"minecraft:fall_one_cm":65599},"minecraft:used":{"minecraft:bread":17,"kimetsunoyaiba:nichirinsword_black":4,"minecraft:wooden_sword":165,"kimetsunoyaiba:human_flesh_2":1,"kimetsunoyaiba:boar_flesh":6,"minecraft:dirt":10,"kimetsunoyaiba:blooddemonart_rui":4,"kimetsunoyaiba:nichirinsword_water":32,"betteranimalsplus:venisonraw":2},"minecraft:mined":{"quark:pink_blossom_leaves":3,"minecraft:grass_block":9,"minecraft:grass":8,"minecraft:oak_log":1,"minecraft:dirt":1,"minecraft:oak_leaves":1},"minecraft:dropped":{"kimetsunoyaiba:blooddemonart_rui":1,"kimetsunoyaiba:zenitsu_head_helmet":1,"betteranimalsplus:antler":1,"minecraft:rotten_flesh":1,"minecraft:wooden_sword":1,"gravestone:obituary":1,"kimetsunoyaiba:uniform_chestplate":1,"minecraft:spider_eye":1,"artifacts:whoopee_cushion":2,"minecraft:sand":4,"kimetsunoyaiba:nichirinsword_water":1,"minecraft:white_wool":2}},"DataVersion":2586}