{"stats":{"minecraft:picked_up":{"oddwatermobs:horseshoe_crab_thorax":1,"minecraft:rotten_flesh":1,"minecraft:wheat_seeds":2,"betteranimalsplus:antler":2,"betteranimalsplus:venisonraw":2,"kimetsunoyaiba:boar_flesh":4,"minecraft:iron_nugget":2,"minecraft:spider_eye":1,"minecraft:coal":1,"minecraft:dirt":14},"minecraft:killed":{"kimetsunoyaiba:boar":4,"minecraft:cave_spider":1,"kimetsunoyaiba:kasugai_crow":1,"oddwatermobs:horseshoe_crab":1,"betteranimalsplus:deer":1},"minecraft:custom":{"minecraft:open_barrel":1,"minecraft:time_since_rest":23025,"minecraft:play_one_minute":23025,"minecraft:crouch_one_cm":422,"minecraft:sprint_one_cm":108531,"minecraft:damage_taken":606,"minecraft:walk_one_cm":29319,"minecraft:sneak_time":446,"minecraft:trigger_trapped_chest":1,"minecraft:walk_under_water_one_cm":129,"minecraft:mob_kills":8,"minecraft:jump":901,"minecraft:damage_dealt_resisted":3,"minecraft:damage_dealt":1453,"minecraft:leave_game":4,"minecraft:time_since_death":23025,"minecraft:walk_on_water_one_cm":2342,"minecraft:swim_one_cm":1006,"minecraft:fly_one_cm":216525,"minecraft:fall_one_cm":30084},"minecraft:used":{"minecraft:wooden_sword":52,"minecraft:dirt":10,"minecraft:bread":9,"betteranimalsplus:venisonraw":2,"kimetsunoyaiba:boar_flesh":2},"minecraft:mined":{"minecraft:grass":5,"minecraft:grass_block":9,"minecraft:dirt":1,"quark:pink_blossom_leaves":3,"minecraft:oak_leaves":1}},"DataVersion":2586}