{"stats":{"minecraft:picked_up":{"oddwatermobs:horseshoe_crab_thorax":1,"betteranimalsplus:antler":2,"betteranimalsplus:venisonraw":2},"minecraft:killed":{"oddwatermobs:horseshoe_crab":1,"betteranimalsplus:deer":1},"minecraft:custom":{"minecraft:jump":251,"minecraft:time_since_rest":8059,"minecraft:crouch_one_cm":78,"minecraft:damage_dealt":180,"minecraft:play_one_minute":8059,"minecraft:leave_game":1,"minecraft:sprint_one_cm":38387,"minecraft:damage_taken":90,"minecraft:time_since_death":8059,"minecraft:walk_one_cm":6569,"minecraft:sneak_time":331,"minecraft:mob_kills":2,"minecraft:fall_one_cm":9950,"minecraft:fly_one_cm":54531},"minecraft:used":{"minecraft:bread":3,"minecraft:wooden_sword":6},"minecraft:mined":{"minecraft:oak_leaves":1,"quark:pink_blossom_leaves":3}},"DataVersion":2586}