{"stats":{"minecraft:picked_up":{"oddwatermobs:horseshoe_crab_thorax":1,"minecraft:rotten_flesh":1,"minecraft:wheat_seeds":2,"betteranimalsplus:antler":2,"betteranimalsplus:venisonraw":2,"kimetsunoyaiba:boar_flesh":2,"minecraft:iron_nugget":2,"minecraft:coal":1,"minecraft:dirt":8},"minecraft:killed":{"kimetsunoyaiba:boar":2,"oddwatermobs:horseshoe_crab":1,"betteranimalsplus:deer":1},"minecraft:custom":{"minecraft:time_since_rest":13861,"minecraft:play_one_minute":13861,"minecraft:crouch_one_cm":381,"minecraft:sprint_one_cm":65705,"minecraft:damage_taken":376,"minecraft:walk_one_cm":14134,"minecraft:sneak_time":414,"minecraft:trigger_trapped_chest":1,"minecraft:walk_under_water_one_cm":41,"minecraft:mob_kills":4,"minecraft:jump":482,"minecraft:damage_dealt":680,"minecraft:leave_game":3,"minecraft:time_since_death":13861,"minecraft:walk_on_water_one_cm":724,"minecraft:swim_one_cm":1006,"minecraft:fall_one_cm":17209,"minecraft:fly_one_cm":128801},"minecraft:used":{"minecraft:wooden_sword":23,"minecraft:dirt":2,"minecraft:bread":6,"kimetsunoyaiba:boar_flesh":1},"minecraft:mined":{"minecraft:grass":3,"minecraft:grass_block":4,"quark:pink_blossom_leaves":3,"minecraft:oak_leaves":1}},"DataVersion":2586}