{"stats":{"minecraft:crafted":{"minecraft:oak_planks":12,"minecraft:crafting_table":2,"quark:orange_rune":1,"minecraft:stick":4,"minecraft:iron_pickaxe":1,"kimetsunoyaiba:nichirinsword":1},"minecraft:dropped":{"minecraft:wheat_seeds":7,"kimetsunoyaiba:zenitsu_head_helmet":1,"minecraft:iron_nugget":2,"kimetsunoyaiba:pancake":5,"quark:marble":1,"minecraft:cookie":1,"minecraft:rotten_flesh":1,"kimetsunoyaiba:uniform_chestplate":1,"artifacts:whoopee_cushion":2,"minecraft:apple":2,"minecraft:leather":2,"minecraft:azure_bluet":1,"minecraft:white_bed":1,"minecraft:salmon":3,"minecraft:cod":3,"minecraft:stick":2,"minecraft:emerald":1,"kimetsunoyaiba:blooddemonart_rui":1,"kimetsunoyaiba:human_flesh_2":1,"minecraft:shield":1,"minecraft:mutton":2,"betteranimalsplus:boarhead_gray":1,"kimetsunoyaiba:demon_hand":1,"artifacts:charm_of_sinking":1,"betteranimalsplus:antler":2,"gravestone:obituary":2,"minecraft:spider_eye":1,"minecraft:wooden_sword":1,"minecraft:sand":4,"minecraft:arrow":5,"kimetsunoyaiba:nichirinsword_water":1,"minecraft:white_wool":2,"minecraft:bone":11},"minecraft:picked_up":{"kimetsunoyaiba:human_flesh_2":2,"minecraft:stripped_oak_log":1,"kimetsunoyaiba:blooddemonart_rui":2,"kimetsunoyaiba:futon":3,"kimetsunoyaiba:bento":1,"minecraft:azure_bluet":1,"minecraft:cut_sandstone":2,"minecraft:leather":2,"kimetsunoyaiba:udon":1,"betteranimalsplus:venisonraw":2,"waystones:sandy_waystone":1,"minecraft:oak_log":2,"gravestone:obituary":1,"artifacts:flame_pendant":1,"minecraft:gunpowder":2,"kimetsunoyaiba:boar_head":2,"kimetsunoyaiba:uniform_chestplate":1,"minecraft:dirt":15,"oddwatermobs:horseshoe_crab_thorax":1,"minecraft:orange_terracotta":1,"minecraft:leather_boots":1,"minecraft:bone":8,"minecraft:wheat_seeds":9,"betteranimalsplus:antler":2,"minecraft:rabbit_hide":1,"minecraft:iron_ingot":3,"artifacts:whoopee_cushion":1,"minecraft:iron_nugget":2,"minecraft:poppy":2,"kimetsunoyaiba:muzanblood":1,"minecraft:dark_oak_slab":1,"minecraft:porkchop":2,"minecraft:sand":4,"kimetsunoyaiba:nichirinsword_water":1,"kimetsunoyaiba:fusuma_mesh":2,"minecraft:white_bed":1,"kimetsunoyaiba:zenitsu_head_helmet":1,"minecraft:spider_eye":2,"minecraft:stone_pressure_plate":1,"betteranimalsplus:boarhead_gray":1,"minecraft:tnt":8,"minecraft:arrow":7,"minecraft:rotten_flesh":2,"kimetsunoyaiba:boar_flesh":6,"minecraft:gray_wool":2,"kimetsunoyaiba:demon_hand":1,"quark:marble":1,"minecraft:mutton":12,"minecraft:coal":11,"minecraft:white_wool":8},"minecraft:killed_by":{"minecraft:husk":1},"minecraft:used":{"waystones:sandy_waystone":1,"minecraft:cut_sandstone":2,"kimetsunoyaiba:human_flesh_2":1,"minecraft:white_wool":1,"minecraft:dirt":11,"minecraft:crafting_table":2,"kimetsunoyaiba:demon_hand":4,"kimetsunoyaiba:sakura_mochi":3,"kimetsunoyaiba:bento":8,"kimetsunoyaiba:futon":2,"kimetsunoyaiba:nichirinswordmoon":84,"minecraft:bread":38,"minecraft:iron_pickaxe":28,"kimetsunoyaiba:nichirinsword_black":4,"minecraft:dark_oak_slab":1,"kimetsunoyaiba:udon":1,"kimetsunoyaiba:boar_flesh":6,"minecraft:wooden_sword":165,"kimetsunoyaiba:blooddemonart_rui":4,"minecraft:cooked_cod":3,"kimetsunoyaiba:fusuma_mesh":2,"kimetsunoyaiba:nichirinsword_water":102,"betteranimalsplus:venisonraw":2},"minecraft:mined":{"minecraft:cut_sandstone":2,"minecraft:stone_pressure_plate":1,"minecraft:white_bed":1,"kimetsunoyaiba:bento_block":1,"kimetsunoyaiba:fusuma_mesh":2,"minecraft:orange_terracotta":1,"gravestone:gravestone":2,"kimetsunoyaiba:udon_block":1,"minecraft:grass_block":10,"minecraft:tall_grass":5,"kimetsunoyaiba:futon_2":3,"minecraft:dark_oak_slab":1,"quark:pink_blossom_leaves":3,"quark:marble":1,"minecraft:tnt":9,"minecraft:grass":36,"minecraft:coal_ore":10,"minecraft:oak_log":2,"minecraft:stripped_oak_log":1,"minecraft:sand":2,"minecraft:dirt":1,"minecraft:blue_orchid":1,"minecraft:oak_leaves":1},"minecraft:custom":{"lootr:looted_stat":19,"minecraft:mob_kills":28,"minecraft:interact_with_crafting_table":5,"minecraft:open_barrel":4,"minecraft:play_one_minute":130957,"minecraft:damage_dealt_resisted":3978,"minecraft:leave_game":6,"minecraft:time_since_death":54700,"minecraft:climb_one_cm":474,"minecraft:damage_resisted":759,"minecraft:time_since_rest":54738,"minecraft:waystone_activated":1,"minecraft:sprint_one_cm":769085,"minecraft:open_enderchest":1,"minecraft:damage_taken":3142,"minecraft:walk_one_cm":249481,"minecraft:trigger_trapped_chest":1,"minecraft:drop":59,"minecraft:damage_dealt":6953,"minecraft:swim_one_cm":13126,"minecraft:fly_one_cm":1122288,"minecraft:talked_to_villager":1,"minecraft:open_chest":26,"minecraft:crouch_one_cm":7409,"minecraft:deaths":2,"minecraft:sneak_time":2641,"minecraft:walk_under_water_one_cm":7533,"minecraft:interact_with_brewingstand":2,"minecraft:jump":3275,"minecraft:walk_on_water_one_cm":28176,"minecraft:fall_one_cm":135757},"minecraft:killed":{"kimetsunoyaiba:demon":3,"minecraft:cave_spider":1,"kimetsunoyaiba:demon_2":3,"kimetsunoyaiba:rui":1,"minecraft:iron_golem":1,"kimetsunoyaiba:boar":5,"oddwatermobs:horseshoe_crab":1,"minecraft:sheep":2,"kimetsunoyaiba:kasugai_crow":1,"betteranimalsplus:deer":1}},"DataVersion":2586}