{"stats":{"minecraft:crafted":{"minecraft:oak_planks":12,"quark:orange_rune":1,"kimetsunoyaiba:nichirinsword":1,"minecraft:dark_oak_planks":4,"minecraft:crafting_table":3,"minecraft:bread":12,"minecraft:stick":4,"minecraft:iron_pickaxe":1},"minecraft:dropped":{"minecraft:wheat_seeds":12,"kimetsunoyaiba:clothes_zenitsu_chestplate":1,"kimetsunoyaiba:pancake":5,"kimetsunoyaiba:muzan_hat_helmet":1,"quark:marble":1,"minecraft:cookie":1,"minecraft:cobblestone":1,"kimetsunoyaiba:nichirinsword_thunder":1,"artifacts:whoopee_cushion":2,"minecraft:apple":2,"minecraft:leather":2,"minecraft:emerald":1,"minecraft:cod":3,"minecraft:stick":2,"kimetsunoyaiba:human_flesh_2":3,"minecraft:cornflower":1,"minecraft:mutton":2,"kimetsunoyaiba:demon_hand":1,"artifacts:charm_of_sinking":1,"gravestone:obituary":3,"minecraft:writable_book":1,"minecraft:wooden_sword":1,"minecraft:sand":4,"minecraft:white_wool":2,"minecraft:bone":11,"quark:ancient_tome":3,"kimetsunoyaiba:zenitsu_head_helmet":1,"minecraft:iron_nugget":2,"minecraft:rotten_flesh":3,"kimetsunoyaiba:uniform_chestplate":1,"minecraft:enchanted_golden_apple":1,"kimetsunoyaiba:muzanblood":3,"minecraft:azure_bluet":1,"minecraft:white_bed":1,"minecraft:salmon":3,"kimetsunoyaiba:blooddemonart_rui":2,"minecraft:shield":1,"kimetsunoyaiba:fusuma_mesh":1,"betteranimalsplus:boarhead_gray":1,"betteranimalsplus:antler":2,"minecraft:spider_eye":1,"minecraft:arrow":5,"kimetsunoyaiba:nichirinsword_water":1,"minecraft:dead_brain_coral_block":1,"kimetsunoyaiba:boar_head":1},"minecraft:picked_up":{"kimetsunoyaiba:blooddemonart_rui":2,"kimetsunoyaiba:futon":4,"minecraft:wheat":1,"minecraft:azure_bluet":1,"minecraft:chicken":1,"kimetsunoyaiba:nichirinsword_thunder":1,"kimetsunoyaiba:udon":1,"betteranimalsplus:venisonraw":2,"minecraft:enchanted_book":2,"gravestone:obituary":1,"minecraft:lapis_block":3,"minecraft:cornflower":2,"kimetsunoyaiba:nichirinsword_inosuke":1,"minecraft:experience_bottle":1,"minecraft:beef":3,"minecraft:iron_nugget":2,"minecraft:poppy":4,"kimetsunoyaiba:clothes_rengoku_chestplate":1,"minecraft:egg":1,"minecraft:porkchop":2,"kimetsunoyaiba:nichirinsword_water":1,"kimetsunoyaiba:zenitsu_head_helmet":1,"minecraft:stone_pressure_plate":1,"quark:ancient_tome":7,"minecraft:tnt":8,"minecraft:arrow":9,"minecraft:rotten_flesh":7,"kimetsunoyaiba:boar_flesh":6,"kimetsunoyaiba:demon_hand":1,"minecraft:mutton":14,"quark:marble":1,"minecraft:white_wool":10,"minecraft:cobblestone":1,"kimetsunoyaiba:human_flesh_2":4,"minecraft:stripped_oak_log":1,"kimetsunoyaiba:bento":1,"minecraft:feather":2,"kimetsunoyaiba:pancake":2,"minecraft:cut_sandstone":2,"minecraft:leather":3,"waystones:sandy_waystone":1,"minecraft:oak_log":2,"artifacts:flame_pendant":1,"minecraft:gunpowder":2,"kimetsunoyaiba:boar_head":3,"kimetsunoyaiba:uniform_chestplate":1,"minecraft:dirt":16,"oddwatermobs:horseshoe_crab_thorax":1,"minecraft:orange_terracotta":1,"minecraft:leather_boots":1,"minecraft:bone":8,"minecraft:wheat_seeds":30,"betteranimalsplus:antler":2,"minecraft:rabbit_hide":1,"artifacts:whoopee_cushion":1,"minecraft:iron_ingot":7,"kimetsunoyaiba:clothes_zenitsu_chestplate":1,"kimetsunoyaiba:muzanblood":2,"minecraft:dark_oak_slab":1,"minecraft:sand":4,"kimetsunoyaiba:fusuma_mesh":3,"minecraft:white_bed":1,"minecraft:spider_eye":2,"betteranimalsplus:boarhead_gray":1,"minecraft:writable_book":1,"minecraft:dead_brain_coral_block":1,"minecraft:gray_wool":2,"minecraft:stripped_dark_oak_log":1,"minecraft:coal":11},"minecraft:killed_by":{"minecraft:husk":1,"kimetsunoyaiba:gyokko":1},"minecraft:killed":{"minecraft:cave_spider":1,"oddwatermobs:horseshoe_crab":1,"betteranimalsplus:deer":1,"kimetsunoyaiba:demon":3,"kimetsunoyaiba:demon_2":3,"kimetsunoyaiba:rui":1,"minecraft:iron_golem":1,"kimetsunoyaiba:boar":5,"betteranimalsplus:pheasant":1,"minecraft:sheep":2,"kimetsunoyaiba:kasugai_crow":1,"minecraft:zombie":1},"minecraft:mined":{"minecraft:stone_pressure_plate":1,"minecraft:white_bed":1,"kimetsunoyaiba:bento_block":1,"kimetsunoyaiba:fusuma_mesh":2,"gravestone:gravestone":3,"minecraft:grass_block":11,"kimetsunoyaiba:futon_2":4,"quark:pink_blossom_leaves":3,"minecraft:stripped_oak_log":1,"minecraft:blue_orchid":1,"minecraft:stone":1,"minecraft:cut_sandstone":2,"minecraft:stripped_dark_oak_log":1,"minecraft:orange_terracotta":1,"minecraft:cornflower":1,"kimetsunoyaiba:udon_block":1,"minecraft:tall_grass":7,"minecraft:dark_oak_slab":1,"minecraft:lapis_block":4,"quark:marble":1,"minecraft:tnt":9,"minecraft:grass":43,"minecraft:dead_brain_coral_block":1,"minecraft:oak_log":2,"minecraft:coal_ore":10,"minecraft:sand":2,"minecraft:dirt":1,"minecraft:oak_leaves":1},"minecraft:used":{"minecraft:writable_book":2,"waystones:sandy_waystone":1,"minecraft:dirt":11,"minecraft:carrot":5,"kimetsunoyaiba:bento":12,"kimetsunoyaiba:nichirinswordmoon":141,"minecraft:dark_oak_slab":1,"kimetsunoyaiba:udon":1,"kimetsunoyaiba:boar_flesh":6,"kimetsunoyaiba:blooddemonart_rui":4,"minecraft:cooked_cod":3,"minecraft:egg":1,"betteranimalsplus:venisonraw":2,"kimetsunoyaiba:pancake":2,"minecraft:cut_sandstone":2,"kimetsunoyaiba:human_flesh_2":1,"minecraft:white_wool":1,"minecraft:golden_apple":1,"minecraft:crafting_table":3,"kimetsunoyaiba:demon_hand":4,"kimetsunoyaiba:sakura_mochi":3,"kimetsunoyaiba:nichirinsword_inosuke":1,"kimetsunoyaiba:futon":3,"minecraft:bread":51,"minecraft:iron_pickaxe":34,"kimetsunoyaiba:nichirinsword_black":4,"minecraft:wooden_sword":165,"kimetsunoyaiba:fusuma_mesh":2,"kimetsunoyaiba:nichirinsword_water":147,"minecraft:splash_potion":1,"minecraft:experience_bottle":1},"minecraft:custom":{"lootr:looted_stat":19,"minecraft:interact_with_anvil":2,"minecraft:mob_kills":37,"minecraft:interact_with_crafting_table":6,"minecraft:open_barrel":11,"minecraft:damage_dealt_resisted":7665,"minecraft:leave_game":7,"minecraft:time_since_death":13515,"minecraft:climb_one_cm":474,"minecraft:damage_resisted":1549,"minecraft:sprint_one_cm":1068876,"minecraft:walk_one_cm":374509,"minecraft:drop":86,"minecraft:talked_to_villager":1,"minecraft:deaths":4,"minecraft:sneak_time":3122,"minecraft:walk_under_water_one_cm":7882,"minecraft:jump":4033,"minecraft:interact_with_brewingstand":3,"minecraft:interact_with_blast_furnace":1,"minecraft:walk_on_water_one_cm":49421,"minecraft:play_one_minute":177962,"minecraft:time_since_rest":13546,"minecraft:waystone_activated":2,"minecraft:open_enderchest":1,"minecraft:damage_taken":4291,"minecraft:damage_absorbed":40,"minecraft:trigger_trapped_chest":1,"minecraft:damage_dealt":10058,"minecraft:swim_one_cm":15391,"minecraft:fly_one_cm":1467136,"minecraft:open_chest":26,"minecraft:crouch_one_cm":9085,"minecraft:fall_one_cm":182994}},"DataVersion":2586}