{"stats":{"minecraft:crafted":{"minecraft:stone_pickaxe":1,"minecraft:crafting_table":1,"minecraft:spruce_planks":264,"minecraft:wooden_pickaxe":1,"minecraft:stone_axe":2,"minecraft:stick":8,"minecraft:stone_sword":1},"minecraft:broken":{"minecraft:stone_axe":1},"minecraft:dropped":{"minecraft:enchanted_book":4,"minecraft:wheat_seeds":1,"kimetsunoyaiba:pancake":2,"minecraft:prismarine_shard":4,"kimetsunoyaiba:nichirinsword_thunder":2,"minecraft:cobblestone":7,"artifacts:whoopee_cushion":1,"minecraft:leather":2,"minecraft:cod":2,"minecraft:stick":9,"minecraft:dirt":15,"kimetsunoyaiba:human_flesh_2":2,"minecraft:iron_trapdoor":1,"minecraft:ink_sac":3,"minecraft:mutton":4,"gravestone:obituary":7,"minecraft:wooden_sword":2,"minecraft:sand":5,"minecraft:cactus":2,"minecraft:string":5,"minecraft:white_wool":2,"minecraft:bone":1,"quark:ancient_tome":16,"minecraft:blue_terracotta":1,"minecraft:kelp":28,"kimetsunoyaiba:zenitsu_head_helmet":1,"minecraft:stone_sword":2,"minecraft:rotten_flesh":2,"artifacts:flame_pendant":2,"kimetsunoyaiba:blooddemonart_rui":1,"minecraft:gunpowder":2,"minecraft:spruce_planks":189,"minecraft:hopper":1,"minecraft:leather_boots":1,"minecraft:stone_pressure_plate":1,"minecraft:spider_eye":2,"minecraft:sandstone":25,"minecraft:wooden_pickaxe":2,"minecraft:dead_brain_coral_block":1,"kimetsunoyaiba:boar_head":1},"minecraft:picked_up":{"kimetsunoyaiba:blooddemonart_rui":2,"minecraft:crafting_table":2,"minecraft:iron_trapdoor":2,"minecraft:prismarine_shard":4,"kimetsunoyaiba:nichirinsword_thunder":3,"minecraft:wooden_pickaxe":2,"minecraft:enchanted_book":2,"gravestone:obituary":1,"minecraft:string":6,"minecraft:wooden_sword":1,"minecraft:spruce_planks":1,"minecraft:beef":8,"minecraft:enchanted_golden_apple":1,"minecraft:stick":11,"minecraft:sandstone":25,"minecraft:porkchop":4,"kimetsunoyaiba:zenitsu_head_helmet":1,"minecraft:stone_pressure_plate":1,"quark:ancient_tome":11,"minecraft:arrow":3,"minecraft:stone_sword":1,"minecraft:cactus":2,"minecraft:rotten_flesh":8,"kimetsunoyaiba:boar_flesh":2,"minecraft:mutton":4,"minecraft:cod":2,"minecraft:white_wool":2,"minecraft:cobblestone":18,"kimetsunoyaiba:human_flesh_2":3,"kimetsunoyaiba:bento":4,"minecraft:feather":2,"kimetsunoyaiba:pancake":8,"minecraft:leather":2,"minecraft:gunpowder":2,"kimetsunoyaiba:boar_head":2,"kimetsunoyaiba:uniform_chestplate":1,"minecraft:dirt":35,"minecraft:bone":2,"minecraft:kelp":28,"minecraft:wheat_seeds":2,"betteranimalsplus:antler":1,"artifacts:whoopee_cushion":2,"minecraft:iron_ingot":1,"betteranimalsplus:blubber":8,"kimetsunoyaiba:muzanblood":2,"kimetsunoyaiba:clothes_zenitsu_chestplate":1,"minecraft:sand":14,"minecraft:spruce_sapling":30,"minecraft:ink_sac":3,"minecraft:spruce_log":135,"minecraft:spider_eye":2,"kimetsunoyaiba:sakura_mochi":2,"minecraft:blue_terracotta":1,"minecraft:dead_brain_coral_block":1,"minecraft:emerald":1,"minecraft:bread":1,"minecraft:hopper":2},"minecraft:killed_by":{"betteranimalsplus:boar":1,"kimetsunoyaiba:rui_sister":1,"kimetsunoyaiba:daki":1,"kimetsunoyaiba:hairo":1,"kimetsunoyaiba:demon_2":1},"minecraft:killed":{"betteranimalsplus:coyote":3,"minecraft:cave_spider":1,"minecraft:witch":1,"kimetsunoyaiba:demon_slayer":1,"betteranimalsplus:boar":1,"betteranimalsplus:butterfly":1,"minecraft:skeleton":3,"kimetsunoyaiba:demon":1,"minecraft:husk":1,"minecraft:sheep":1,"minecraft:zombie":1,"minecraft:enderman":1,"minecraft:cow":1},"minecraft:used":{"minecraft:stone_sword":7,"minecraft:spruce_planks":5,"minecraft:shield":21,"minecraft:dirt":20,"kimetsunoyaiba:bento":3,"kimetsunoyaiba:nichirinsword_thunder":203,"kimetsunoyaiba:boar_flesh":2,"kimetsunoyaiba:muzanblood":2,"kimetsunoyaiba:blooddemonart_rui":10,"minecraft:enchanted_golden_apple":1,"kimetsunoyaiba:pancake":3,"minecraft:stone_pickaxe":35,"betteranimalsplus:blubber":4,"minecraft:wooden_pickaxe":19,"kimetsunoyaiba:human_flesh_2":1,"minecraft:golden_apple":3,"minecraft:crafting_table":2,"minecraft:spruce_log":130,"minecraft:bread":32,"minecraft:stone_axe":15,"minecraft:wooden_sword":1,"minecraft:porkchop":4},"minecraft:mined":{"minecraft:stone_pressure_plate":1,"minecraft:spruce_planks":1,"kimetsunoyaiba:bento_block":4,"kimetsunoyaiba:fusuma_mesh":1,"gravestone:gravestone":9,"minecraft:grass_block":7,"minecraft:hopper":1,"minecraft:kelp":1,"kimetsunoyaiba:sakura_mochi_block":2,"minecraft:sandstone":25,"minecraft:tall_seagrass":2,"minecraft:fire":2,"minecraft:stone":18,"minecraft:kelp_plant":4,"minecraft:crafting_table":2,"minecraft:dead_bush":2,"minecraft:tall_grass":4,"kimetsunoyaiba:pancake_block":3,"minecraft:seagrass":2,"minecraft:blue_terracotta":1,"minecraft:spruce_log":135,"minecraft:grass":18,"minecraft:sand":5,"minecraft:dirt":11,"minecraft:oak_leaves":8,"minecraft:iron_trapdoor":1},"minecraft:custom":{"lootr:looted_stat":31,"minecraft:mob_kills":33,"minecraft:interact_with_crafting_table":3,"minecraft:open_barrel":5,"minecraft:damage_dealt_resisted":820,"minecraft:leave_game":3,"minecraft:time_since_death":427,"minecraft:climb_one_cm":6579,"minecraft:damage_resisted":2091,"minecraft:sprint_one_cm":333321,"minecraft:walk_one_cm":382516,"minecraft:damage_blocked_by_shield":459,"minecraft:drop":86,"minecraft:talked_to_villager":11,"minecraft:deaths":10,"minecraft:sneak_time":631,"minecraft:walk_under_water_one_cm":22696,"minecraft:jump":2779,"minecraft:walk_on_water_one_cm":37814,"minecraft:play_one_minute":100506,"minecraft:time_since_rest":476,"minecraft:damage_taken":5068,"minecraft:damage_absorbed":264,"minecraft:damage_dealt":3316,"minecraft:swim_one_cm":22080,"minecraft:fly_one_cm":591683,"minecraft:open_chest":2,"minecraft:crouch_one_cm":2268,"minecraft:fall_one_cm":108637}},"DataVersion":2586}