{"stats":{"minecraft:crafted":{"minecraft:crafting_table":1,"minecraft:spruce_planks":264,"minecraft:wooden_pickaxe":1,"minecraft:stone_axe":2,"minecraft:stick":8,"minecraft:stone_pickaxe":1,"minecraft:stone_sword":1},"minecraft:picked_up":{"kimetsunoyaiba:human_flesh_2":2,"kimetsunoyaiba:blooddemonart_rui":1,"minecraft:crafting_table":2,"minecraft:prismarine_shard":4,"kimetsunoyaiba:nichirinsword_thunder":1,"minecraft:leather":2,"minecraft:wooden_pickaxe":2,"gravestone:obituary":1,"minecraft:gunpowder":2,"kimetsunoyaiba:boar_head":2,"kimetsunoyaiba:uniform_chestplate":1,"minecraft:dirt":19,"minecraft:string":6,"minecraft:wooden_sword":1,"minecraft:bone":2,"minecraft:kelp":28,"betteranimalsplus:antler":1,"artifacts:whoopee_cushion":2,"minecraft:beef":8,"minecraft:stick":11,"kimetsunoyaiba:muzanblood":1,"minecraft:sandstone":25,"minecraft:porkchop":4,"minecraft:sand":14,"minecraft:spruce_sapling":30,"minecraft:ink_sac":3,"minecraft:spruce_log":135,"kimetsunoyaiba:zenitsu_head_helmet":1,"minecraft:spider_eye":2,"minecraft:stone_pressure_plate":1,"minecraft:arrow":2,"minecraft:stone_sword":1,"minecraft:cactus":2,"minecraft:blue_terracotta":1,"minecraft:rotten_flesh":3,"kimetsunoyaiba:boar_flesh":2,"minecraft:emerald":1,"minecraft:bread":1,"minecraft:mutton":4,"minecraft:cod":2,"minecraft:white_wool":2,"minecraft:cobblestone":17},"minecraft:killed":{"betteranimalsplus:coyote":3,"minecraft:husk":1,"minecraft:cave_spider":1,"minecraft:witch":1,"betteranimalsplus:boar":1,"betteranimalsplus:butterfly":1,"minecraft:sheep":1,"minecraft:enderman":1,"minecraft:cow":1},"minecraft:custom":{"lootr:looted_stat":31,"minecraft:mob_kills":25,"minecraft:interact_with_crafting_table":3,"minecraft:play_one_minute":68056,"minecraft:damage_dealt_resisted":607,"minecraft:leave_game":2,"minecraft:time_since_death":7349,"minecraft:climb_one_cm":6579,"minecraft:damage_resisted":717,"minecraft:time_since_rest":7381,"minecraft:sprint_one_cm":228805,"minecraft:damage_absorbed":120,"minecraft:damage_taken":3009,"minecraft:walk_one_cm":255044,"minecraft:damage_blocked_by_shield":170,"minecraft:drop":56,"minecraft:damage_dealt":2602,"minecraft:swim_one_cm":9509,"minecraft:talked_to_villager":11,"minecraft:fly_one_cm":419807,"minecraft:crouch_one_cm":1672,"minecraft:deaths":6,"minecraft:sneak_time":496,"minecraft:walk_under_water_one_cm":14370,"minecraft:jump":2174,"minecraft:walk_on_water_one_cm":31761,"minecraft:fall_one_cm":78733},"minecraft:killed_by":{"kimetsunoyaiba:hairo":1,"kimetsunoyaiba:daki":1,"kimetsunoyaiba:rui_sister":1},"minecraft:used":{"minecraft:stone_sword":7,"minecraft:stone_pickaxe":33,"minecraft:shield":4,"minecraft:wooden_pickaxe":19,"minecraft:golden_apple":3,"minecraft:dirt":4,"minecraft:crafting_table":2,"minecraft:spruce_log":130,"minecraft:bread":30,"kimetsunoyaiba:nichirinsword_thunder":128,"kimetsunoyaiba:boar_flesh":2,"minecraft:stone_axe":14,"minecraft:wooden_sword":1},"minecraft:broken":{"minecraft:stone_axe":1},"minecraft:mined":{"minecraft:stone_pressure_plate":1,"minecraft:kelp_plant":4,"minecraft:crafting_table":2,"gravestone:gravestone":6,"minecraft:grass_block":7,"minecraft:dead_bush":2,"minecraft:tall_grass":3,"minecraft:kelp":1,"minecraft:sandstone":25,"minecraft:tall_seagrass":1,"minecraft:seagrass":1,"minecraft:blue_terracotta":1,"minecraft:spruce_log":135,"minecraft:grass":10,"minecraft:sand":5,"minecraft:dirt":11,"minecraft:stone":18,"minecraft:oak_leaves":8},"minecraft:dropped":{"minecraft:blue_terracotta":1,"minecraft:kelp":28,"kimetsunoyaiba:zenitsu_head_helmet":1,"minecraft:stone_sword":2,"minecraft:prismarine_shard":4,"kimetsunoyaiba:nichirinsword_thunder":1,"minecraft:cobblestone":6,"minecraft:rotten_flesh":1,"artifacts:whoopee_cushion":1,"minecraft:leather":2,"artifacts:flame_pendant":2,"minecraft:cod":2,"minecraft:stick":9,"kimetsunoyaiba:blooddemonart_rui":1,"minecraft:dirt":15,"kimetsunoyaiba:human_flesh_2":2,"minecraft:gunpowder":2,"minecraft:ink_sac":3,"minecraft:spruce_planks":189,"minecraft:mutton":4,"minecraft:leather_boots":1,"minecraft:stone_pressure_plate":1,"gravestone:obituary":6,"minecraft:spider_eye":2,"minecraft:wooden_sword":2,"minecraft:sandstone":25,"minecraft:sand":5,"minecraft:wooden_pickaxe":2,"minecraft:cactus":2,"minecraft:string":5,"minecraft:white_wool":2,"kimetsunoyaiba:boar_head":1,"minecraft:bone":1}},"DataVersion":2586}