{"stats":{"minecraft:crafted":{"minecraft:crafting_table":1,"minecraft:spruce_planks":264,"minecraft:wooden_pickaxe":1,"minecraft:stone_axe":2,"minecraft:stick":8,"minecraft:stone_pickaxe":1,"minecraft:stone_sword":1},"minecraft:picked_up":{"kimetsunoyaiba:human_flesh_2":1,"kimetsunoyaiba:blooddemonart_rui":1,"minecraft:crafting_table":2,"minecraft:prismarine_shard":4,"kimetsunoyaiba:nichirinsword_thunder":1,"minecraft:leather":2,"minecraft:wooden_pickaxe":2,"gravestone:obituary":1,"kimetsunoyaiba:uniform_chestplate":1,"minecraft:dirt":19,"minecraft:string":5,"minecraft:wooden_sword":1,"minecraft:bone":2,"minecraft:kelp":28,"betteranimalsplus:antler":1,"artifacts:whoopee_cushion":2,"minecraft:beef":8,"minecraft:stick":10,"minecraft:sandstone":25,"minecraft:sand":5,"minecraft:spruce_sapling":30,"minecraft:spruce_log":135,"minecraft:stone_pressure_plate":1,"kimetsunoyaiba:zenitsu_head_helmet":1,"minecraft:spider_eye":2,"minecraft:blue_terracotta":1,"minecraft:stone_sword":1,"minecraft:cactus":2,"minecraft:rotten_flesh":1,"kimetsunoyaiba:boar_flesh":1,"minecraft:bread":1,"minecraft:mutton":4,"minecraft:cod":2,"minecraft:white_wool":2,"minecraft:cobblestone":17},"minecraft:killed":{"betteranimalsplus:coyote":1,"minecraft:cave_spider":1,"betteranimalsplus:butterfly":1,"minecraft:sheep":1,"minecraft:cow":1},"minecraft:custom":{"lootr:looted_stat":23,"minecraft:mob_kills":13,"minecraft:interact_with_crafting_table":3,"minecraft:play_one_minute":44315,"minecraft:damage_dealt_resisted":204,"minecraft:leave_game":1,"minecraft:time_since_death":15257,"minecraft:climb_one_cm":6567,"minecraft:damage_resisted":360,"minecraft:time_since_rest":15302,"minecraft:sprint_one_cm":126948,"minecraft:damage_taken":1682,"minecraft:walk_one_cm":155375,"minecraft:drop":47,"minecraft:damage_dealt":1367,"minecraft:swim_one_cm":8297,"minecraft:talked_to_villager":11,"minecraft:fly_one_cm":215699,"minecraft:crouch_one_cm":1188,"minecraft:deaths":4,"minecraft:sneak_time":363,"minecraft:walk_under_water_one_cm":11466,"minecraft:jump":1511,"minecraft:walk_on_water_one_cm":13197,"minecraft:fall_one_cm":40666},"minecraft:killed_by":{"kimetsunoyaiba:hairo":1,"kimetsunoyaiba:rui_sister":1},"minecraft:used":{"minecraft:stone_sword":7,"minecraft:stone_pickaxe":33,"minecraft:wooden_pickaxe":19,"minecraft:dirt":4,"minecraft:crafting_table":2,"minecraft:spruce_log":130,"minecraft:bread":20,"kimetsunoyaiba:nichirinsword_thunder":59,"kimetsunoyaiba:boar_flesh":1,"minecraft:stone_axe":5,"minecraft:wooden_sword":1},"minecraft:broken":{"minecraft:stone_axe":1},"minecraft:mined":{"minecraft:stone_pressure_plate":1,"minecraft:kelp_plant":4,"minecraft:crafting_table":2,"gravestone:gravestone":4,"minecraft:grass_block":7,"minecraft:tall_grass":3,"minecraft:kelp":1,"minecraft:sandstone":25,"minecraft:blue_terracotta":1,"minecraft:spruce_log":135,"minecraft:grass":5,"minecraft:sand":5,"minecraft:dirt":11,"minecraft:stone":18},"minecraft:dropped":{"minecraft:blue_terracotta":1,"minecraft:kelp":28,"kimetsunoyaiba:zenitsu_head_helmet":1,"minecraft:stone_sword":2,"minecraft:prismarine_shard":4,"minecraft:cobblestone":6,"kimetsunoyaiba:nichirinsword_thunder":1,"minecraft:rotten_flesh":1,"artifacts:whoopee_cushion":1,"minecraft:leather":2,"artifacts:flame_pendant":2,"minecraft:cod":2,"minecraft:stick":9,"kimetsunoyaiba:blooddemonart_rui":1,"minecraft:dirt":15,"kimetsunoyaiba:human_flesh_2":1,"minecraft:spruce_planks":189,"minecraft:mutton":4,"minecraft:leather_boots":1,"minecraft:stone_pressure_plate":1,"gravestone:obituary":4,"minecraft:spider_eye":2,"minecraft:wooden_sword":2,"minecraft:sandstone":25,"minecraft:sand":5,"minecraft:wooden_pickaxe":2,"minecraft:cactus":2,"minecraft:string":5,"minecraft:white_wool":2,"minecraft:bone":1}},"DataVersion":2586}