{"stats":{"minecraft:crafted":{"minecraft:stone_pickaxe":1,"minecraft:crafting_table":1,"minecraft:spruce_planks":264,"minecraft:wooden_pickaxe":1,"minecraft:stone_axe":2,"minecraft:stick":8,"minecraft:stone_sword":1},"minecraft:broken":{"minecraft:stone_axe":1},"minecraft:dropped":{"minecraft:enchanted_book":4,"minecraft:wheat_seeds":1,"kimetsunoyaiba:clothes_zenitsu_chestplate":1,"kimetsunoyaiba:pancake":2,"minecraft:prismarine_shard":4,"minecraft:feather":3,"kimetsunoyaiba:nichirinsword_thunder":2,"minecraft:cobblestone":7,"artifacts:whoopee_cushion":1,"minecraft:leather":2,"minecraft:cod":2,"minecraft:stick":9,"minecraft:dirt":15,"kimetsunoyaiba:human_flesh_2":2,"minecraft:iron_trapdoor":1,"minecraft:ink_sac":3,"minecraft:mutton":4,"gravestone:obituary":7,"minecraft:wooden_sword":2,"minecraft:sand":5,"minecraft:cactus":2,"minecraft:string":5,"minecraft:white_wool":2,"minecraft:dandelion":6,"minecraft:bone":1,"quark:ancient_tome":16,"minecraft:blue_terracotta":1,"minecraft:kelp":28,"kimetsunoyaiba:zenitsu_head_helmet":1,"minecraft:stone_sword":2,"minecraft:rotten_flesh":2,"kimetsunoyaiba:uniform_chestplate":1,"artifacts:flame_pendant":2,"kimetsunoyaiba:blooddemonart_rui":1,"minecraft:gunpowder":2,"minecraft:spruce_planks":189,"minecraft:hopper":1,"minecraft:leather_boots":1,"minecraft:stone_pressure_plate":1,"minecraft:spider_eye":2,"minecraft:sandstone":25,"minecraft:wooden_pickaxe":2,"minecraft:dead_brain_coral_block":1,"kimetsunoyaiba:nichirinsword_inosuke":1,"kimetsunoyaiba:boar_head":2},"minecraft:picked_up":{"kimetsunoyaiba:muzan_hat_helmet":1,"kimetsunoyaiba:blooddemonart_rui":2,"minecraft:crafting_table":2,"minecraft:chainmail_boots":1,"minecraft:iron_trapdoor":2,"minecraft:prismarine_shard":4,"kimetsunoyaiba:nichirinsword_thunder":3,"minecraft:wooden_pickaxe":2,"minecraft:enchanted_book":2,"gravestone:obituary":1,"minecraft:lapis_block":1,"minecraft:string":6,"kimetsunoyaiba:nichirinsword_inosuke":1,"minecraft:wooden_sword":1,"minecraft:spruce_planks":1,"minecraft:beef":8,"minecraft:smooth_quartz":1,"minecraft:enchanted_golden_apple":1,"minecraft:stick":11,"minecraft:sandstone":25,"minecraft:porkchop":4,"kimetsunoyaiba:zenitsu_head_helmet":1,"minecraft:stone_pressure_plate":1,"quark:ancient_tome":11,"minecraft:arrow":3,"minecraft:stone_sword":1,"minecraft:cactus":2,"minecraft:rotten_flesh":8,"kimetsunoyaiba:boar_flesh":2,"minecraft:mutton":4,"minecraft:cod":2,"minecraft:white_wool":2,"minecraft:cobblestone":18,"kimetsunoyaiba:human_flesh_2":6,"kimetsunoyaiba:bento":4,"minecraft:leather_chestplate":1,"minecraft:feather":3,"kimetsunoyaiba:pancake":8,"minecraft:leather":2,"minecraft:gunpowder":2,"kimetsunoyaiba:boar_head":2,"kimetsunoyaiba:uniform_chestplate":2,"minecraft:dirt":35,"minecraft:bone":3,"minecraft:kelp":28,"minecraft:wheat_seeds":32,"betteranimalsplus:antler":1,"kimetsunoyaiba:human_flesh":1,"artifacts:whoopee_cushion":2,"minecraft:iron_ingot":1,"betteranimalsplus:blubber":8,"kimetsunoyaiba:muzanblood":3,"kimetsunoyaiba:clothes_zenitsu_chestplate":1,"minecraft:dandelion":6,"betteranimalsplus:pheasantraw":2,"minecraft:sand":14,"minecraft:spruce_sapling":30,"minecraft:ink_sac":3,"minecraft:spruce_log":135,"minecraft:lily_of_the_valley":1,"minecraft:spider_eye":2,"kimetsunoyaiba:sakura_mochi":2,"minecraft:blue_terracotta":1,"minecraft:dead_brain_coral_block":1,"minecraft:crossbow":1,"minecraft:emerald":1,"minecraft:bread":1,"minecraft:stripped_dark_oak_log":1,"minecraft:hopper":2},"minecraft:killed_by":{"betteranimalsplus:boar":1,"kimetsunoyaiba:rui_sister":1,"kimetsunoyaiba:daki":1,"kimetsunoyaiba:hairo":1,"kimetsunoyaiba:demon_2":1},"minecraft:killed":{"betteranimalsplus:coyote":4,"minecraft:cave_spider":1,"minecraft:witch":1,"kimetsunoyaiba:demon_slayer":2,"betteranimalsplus:boar":1,"betteranimalsplus:butterfly":1,"minecraft:skeleton":4,"kimetsunoyaiba:inosuke":2,"kimetsunoyaiba:demon":1,"minecraft:husk":1,"minecraft:sheep":1,"minecraft:zombie":1,"minecraft:villager":1,"minecraft:enderman":1,"minecraft:cow":1},"minecraft:used":{"minecraft:stone_sword":7,"minecraft:spruce_planks":5,"minecraft:shield":21,"kimetsunoyaiba:human_flesh":1,"minecraft:dirt":20,"kimetsunoyaiba:bento":3,"kimetsunoyaiba:nichirinsword_thunder":203,"kimetsunoyaiba:boar_flesh":2,"kimetsunoyaiba:muzanblood":3,"kimetsunoyaiba:blooddemonart_rui":28,"minecraft:enchanted_golden_apple":1,"kimetsunoyaiba:pancake":3,"minecraft:stone_pickaxe":36,"betteranimalsplus:blubber":8,"minecraft:wooden_pickaxe":19,"kimetsunoyaiba:human_flesh_2":4,"minecraft:golden_apple":3,"minecraft:crafting_table":2,"minecraft:spruce_log":130,"minecraft:bread":33,"minecraft:stone_axe":16,"minecraft:wooden_sword":1,"minecraft:porkchop":4,"minecraft:lapis_block":1},"minecraft:mined":{"minecraft:stone_pressure_plate":1,"minecraft:spruce_planks":1,"kimetsunoyaiba:bento_block":4,"kimetsunoyaiba:fusuma_mesh":1,"gravestone:gravestone":10,"minecraft:grass_block":7,"minecraft:hopper":1,"minecraft:kelp":1,"kimetsunoyaiba:sakura_mochi_block":2,"minecraft:sandstone":25,"minecraft:tall_seagrass":2,"minecraft:fire":2,"minecraft:stone":18,"minecraft:kelp_plant":4,"minecraft:stripped_dark_oak_log":1,"minecraft:crafting_table":2,"minecraft:dead_bush":2,"minecraft:tall_grass":4,"kimetsunoyaiba:pancake_block":3,"minecraft:seagrass":2,"minecraft:blue_terracotta":1,"minecraft:spruce_log":135,"minecraft:grass":18,"minecraft:smooth_quartz":1,"minecraft:sand":5,"minecraft:dirt":11,"minecraft:oak_leaves":8,"minecraft:iron_trapdoor":1},"minecraft:custom":{"lootr:looted_stat":31,"minecraft:mob_kills":41,"minecraft:interact_with_crafting_table":3,"minecraft:open_barrel":11,"minecraft:damage_dealt_resisted":3098,"minecraft:leave_game":3,"minecraft:time_since_death":24427,"minecraft:climb_one_cm":6579,"minecraft:damage_resisted":3281,"minecraft:sprint_one_cm":433465,"minecraft:walk_one_cm":480958,"minecraft:damage_blocked_by_shield":459,"minecraft:drop":94,"minecraft:talked_to_villager":11,"minecraft:deaths":10,"minecraft:sneak_time":1510,"minecraft:walk_under_water_one_cm":23139,"minecraft:jump":3262,"minecraft:walk_on_water_one_cm":41994,"minecraft:play_one_minute":124506,"minecraft:time_since_rest":24476,"minecraft:damage_taken":6036,"minecraft:damage_absorbed":264,"minecraft:damage_dealt":3547,"minecraft:swim_one_cm":22080,"minecraft:fly_one_cm":759868,"minecraft:open_chest":2,"minecraft:crouch_one_cm":2453,"minecraft:fall_one_cm":184290}},"DataVersion":2586}