{"stats":{"minecraft:crafted":{"minecraft:crafting_table":1,"minecraft:spruce_planks":264,"minecraft:wooden_pickaxe":1,"minecraft:stone_axe":2,"minecraft:stick":8,"minecraft:stone_pickaxe":1,"minecraft:stone_sword":1},"minecraft:broken":{"minecraft:stone_axe":1},"minecraft:dropped":{"minecraft:enchanted_book":4,"minecraft:blue_terracotta":1,"minecraft:wheat_seeds":1,"minecraft:kelp":28,"kimetsunoyaiba:zenitsu_head_helmet":1,"minecraft:stone_sword":2,"kimetsunoyaiba:pancake":2,"minecraft:prismarine_shard":4,"kimetsunoyaiba:nichirinsword_thunder":2,"minecraft:cobblestone":6,"minecraft:rotten_flesh":2,"artifacts:whoopee_cushion":1,"minecraft:leather":2,"artifacts:flame_pendant":2,"minecraft:cod":2,"minecraft:stick":9,"kimetsunoyaiba:blooddemonart_rui":1,"minecraft:dirt":15,"kimetsunoyaiba:human_flesh_2":2,"minecraft:gunpowder":2,"minecraft:iron_trapdoor":1,"minecraft:ink_sac":3,"minecraft:spruce_planks":189,"minecraft:mutton":4,"minecraft:hopper":1,"minecraft:leather_boots":1,"minecraft:stone_pressure_plate":1,"gravestone:obituary":6,"minecraft:spider_eye":2,"minecraft:wooden_sword":2,"minecraft:sandstone":25,"minecraft:sand":5,"minecraft:wooden_pickaxe":2,"minecraft:cactus":2,"minecraft:string":5,"minecraft:white_wool":2,"quark:ancient_tome":16,"minecraft:bone":1,"kimetsunoyaiba:boar_head":1},"minecraft:picked_up":{"kimetsunoyaiba:human_flesh_2":3,"kimetsunoyaiba:blooddemonart_rui":2,"kimetsunoyaiba:bento":4,"minecraft:crafting_table":2,"kimetsunoyaiba:pancake":8,"minecraft:iron_trapdoor":2,"minecraft:prismarine_shard":4,"kimetsunoyaiba:nichirinsword_thunder":1,"minecraft:leather":2,"minecraft:wooden_pickaxe":2,"minecraft:enchanted_book":2,"gravestone:obituary":1,"minecraft:gunpowder":2,"kimetsunoyaiba:boar_head":2,"kimetsunoyaiba:uniform_chestplate":1,"minecraft:dirt":19,"minecraft:string":6,"minecraft:wooden_sword":1,"minecraft:bone":2,"minecraft:kelp":28,"minecraft:wheat_seeds":1,"betteranimalsplus:antler":1,"minecraft:spruce_planks":1,"minecraft:iron_ingot":1,"minecraft:beef":8,"artifacts:whoopee_cushion":2,"minecraft:enchanted_golden_apple":1,"minecraft:stick":11,"minecraft:sandstone":25,"kimetsunoyaiba:muzanblood":2,"minecraft:porkchop":4,"minecraft:sand":14,"minecraft:spruce_sapling":30,"minecraft:ink_sac":3,"minecraft:spruce_log":135,"kimetsunoyaiba:sakura_mochi":2,"kimetsunoyaiba:zenitsu_head_helmet":1,"minecraft:spider_eye":2,"minecraft:stone_pressure_plate":1,"quark:ancient_tome":11,"minecraft:stone_sword":1,"minecraft:arrow":3,"minecraft:cactus":2,"minecraft:blue_terracotta":1,"minecraft:rotten_flesh":6,"kimetsunoyaiba:boar_flesh":2,"minecraft:bread":1,"minecraft:emerald":1,"minecraft:hopper":2,"minecraft:mutton":4,"minecraft:cod":2,"minecraft:white_wool":2,"minecraft:cobblestone":17},"minecraft:killed_by":{"kimetsunoyaiba:hairo":1,"betteranimalsplus:boar":1,"kimetsunoyaiba:daki":1,"kimetsunoyaiba:rui_sister":1},"minecraft:used":{"minecraft:stone_sword":7,"kimetsunoyaiba:pancake":3,"minecraft:stone_pickaxe":35,"minecraft:spruce_planks":5,"minecraft:wooden_pickaxe":19,"minecraft:shield":20,"kimetsunoyaiba:human_flesh_2":1,"minecraft:golden_apple":3,"minecraft:dirt":4,"minecraft:crafting_table":2,"minecraft:spruce_log":130,"kimetsunoyaiba:bento":3,"minecraft:bread":32,"kimetsunoyaiba:nichirinsword_thunder":194,"kimetsunoyaiba:boar_flesh":2,"kimetsunoyaiba:muzanblood":2,"minecraft:stone_axe":15,"minecraft:wooden_sword":1,"kimetsunoyaiba:blooddemonart_rui":7,"minecraft:porkchop":4,"minecraft:enchanted_golden_apple":1},"minecraft:mined":{"minecraft:spruce_planks":1,"minecraft:stone_pressure_plate":1,"kimetsunoyaiba:bento_block":4,"kimetsunoyaiba:fusuma_mesh":1,"minecraft:kelp_plant":4,"minecraft:crafting_table":2,"gravestone:gravestone":7,"minecraft:grass_block":7,"minecraft:dead_bush":2,"minecraft:tall_grass":4,"kimetsunoyaiba:pancake_block":3,"minecraft:hopper":1,"minecraft:kelp":1,"kimetsunoyaiba:sakura_mochi_block":2,"minecraft:sandstone":25,"minecraft:seagrass":2,"minecraft:tall_seagrass":1,"minecraft:blue_terracotta":1,"minecraft:fire":2,"minecraft:spruce_log":135,"minecraft:grass":18,"minecraft:sand":5,"minecraft:dirt":11,"minecraft:stone":18,"minecraft:iron_trapdoor":1,"minecraft:oak_leaves":8},"minecraft:custom":{"lootr:looted_stat":31,"minecraft:mob_kills":29,"minecraft:interact_with_crafting_table":3,"minecraft:play_one_minute":90094,"minecraft:damage_dealt_resisted":811,"minecraft:leave_game":2,"minecraft:time_since_death":12538,"minecraft:climb_one_cm":6579,"minecraft:damage_resisted":1390,"minecraft:time_since_rest":12619,"minecraft:sprint_one_cm":292013,"minecraft:damage_absorbed":264,"minecraft:damage_taken":4011,"minecraft:walk_one_cm":349486,"minecraft:damage_blocked_by_shield":429,"minecraft:drop":83,"minecraft:damage_dealt":3114,"minecraft:swim_one_cm":9509,"minecraft:talked_to_villager":11,"minecraft:fly_one_cm":522807,"minecraft:open_chest":2,"minecraft:crouch_one_cm":2268,"minecraft:deaths":7,"minecraft:sneak_time":620,"minecraft:walk_under_water_one_cm":15929,"minecraft:jump":2535,"minecraft:walk_on_water_one_cm":34277,"minecraft:fall_one_cm":93503},"minecraft:killed":{"kimetsunoyaiba:demon":1,"betteranimalsplus:coyote":3,"minecraft:husk":1,"minecraft:cave_spider":1,"minecraft:witch":1,"kimetsunoyaiba:demon_slayer":1,"betteranimalsplus:boar":1,"betteranimalsplus:butterfly":1,"minecraft:sheep":1,"minecraft:cow":1,"minecraft:enderman":1}},"DataVersion":2586}