{"stats":{"minecraft:crafted":{"minecraft:crafting_table":1,"minecraft:spruce_planks":264,"minecraft:wooden_pickaxe":1,"minecraft:stone_axe":2,"minecraft:stick":8,"minecraft:stone_pickaxe":1,"minecraft:stone_sword":1},"minecraft:picked_up":{"kimetsunoyaiba:blooddemonart_rui":1,"minecraft:crafting_table":2,"minecraft:prismarine_shard":4,"minecraft:leather":2,"minecraft:wooden_pickaxe":2,"gravestone:obituary":1,"kimetsunoyaiba:uniform_chestplate":1,"minecraft:dirt":19,"minecraft:string":5,"minecraft:wooden_sword":1,"minecraft:bone":2,"minecraft:kelp":28,"betteranimalsplus:antler":1,"minecraft:beef":8,"minecraft:stick":10,"minecraft:spruce_sapling":30,"minecraft:spruce_log":135,"minecraft:stone_pressure_plate":1,"kimetsunoyaiba:zenitsu_head_helmet":1,"minecraft:spider_eye":2,"minecraft:blue_terracotta":1,"minecraft:stone_sword":1,"minecraft:cactus":2,"minecraft:rotten_flesh":1,"kimetsunoyaiba:boar_flesh":1,"minecraft:bread":1,"minecraft:mutton":4,"minecraft:cod":2,"minecraft:white_wool":2,"minecraft:cobblestone":17},"minecraft:killed":{"betteranimalsplus:coyote":1,"minecraft:cave_spider":1,"betteranimalsplus:butterfly":1,"minecraft:sheep":1,"minecraft:cow":1},"minecraft:custom":{"lootr:looted_stat":20,"minecraft:mob_kills":12,"minecraft:interact_with_crafting_table":3,"minecraft:play_one_minute":32125,"minecraft:damage_dealt_resisted":111,"minecraft:time_since_death":3067,"minecraft:climb_one_cm":6567,"minecraft:damage_resisted":230,"minecraft:time_since_rest":3112,"minecraft:sprint_one_cm":111592,"minecraft:damage_taken":1169,"minecraft:walk_one_cm":126906,"minecraft:drop":13,"minecraft:damage_dealt":1263,"minecraft:swim_one_cm":8297,"minecraft:talked_to_villager":11,"minecraft:fly_one_cm":150668,"minecraft:crouch_one_cm":1188,"minecraft:deaths":4,"minecraft:sneak_time":363,"minecraft:walk_under_water_one_cm":11466,"minecraft:jump":1388,"minecraft:walk_on_water_one_cm":13197,"minecraft:fall_one_cm":30224},"minecraft:killed_by":{"kimetsunoyaiba:hairo":1,"kimetsunoyaiba:rui_sister":1},"minecraft:used":{"minecraft:stone_sword":7,"minecraft:stone_pickaxe":3,"minecraft:wooden_pickaxe":19,"minecraft:dirt":4,"minecraft:crafting_table":2,"minecraft:spruce_log":130,"minecraft:bread":13,"kimetsunoyaiba:nichirinsword_thunder":40,"kimetsunoyaiba:boar_flesh":1,"minecraft:stone_axe":5,"minecraft:wooden_sword":1},"minecraft:broken":{"minecraft:stone_axe":1},"minecraft:dropped":{"kimetsunoyaiba:zenitsu_head_helmet":1,"minecraft:stone_sword":1,"kimetsunoyaiba:blooddemonart_rui":1,"minecraft:dirt":1,"gravestone:obituary":2,"minecraft:wooden_sword":2,"minecraft:wooden_pickaxe":2,"minecraft:cactus":2,"minecraft:bone":1},"minecraft:mined":{"minecraft:stone_pressure_plate":1,"minecraft:kelp_plant":4,"minecraft:crafting_table":2,"gravestone:gravestone":4,"minecraft:grass_block":7,"minecraft:tall_grass":3,"minecraft:kelp":1,"minecraft:blue_terracotta":1,"minecraft:spruce_log":135,"minecraft:grass":5,"minecraft:dirt":11,"minecraft:stone":18}},"DataVersion":2586}