{"stats":{"minecraft:crafted":{"minecraft:stone_pickaxe":1,"minecraft:crafting_table":1,"minecraft:spruce_planks":264,"minecraft:wooden_pickaxe":1,"minecraft:stone_axe":2,"minecraft:stick":8,"minecraft:stone_sword":1},"minecraft:broken":{"minecraft:stone_axe":1},"minecraft:dropped":{"minecraft:enchanted_book":4,"minecraft:iron_ingot":1,"kimetsunoyaiba:sakura_mochi":2,"minecraft:iron_sword":1,"minecraft:wheat_seeds":32,"kimetsunoyaiba:clothes_zenitsu_chestplate":1,"kimetsunoyaiba:pancake":2,"minecraft:crossbow":5,"minecraft:prismarine_shard":4,"minecraft:feather":5,"kimetsunoyaiba:nichirinsword_thunder":3,"minecraft:cobblestone":7,"artifacts:whoopee_cushion":1,"minecraft:leather":2,"minecraft:leather_helmet":2,"minecraft:cod":2,"minecraft:stick":10,"minecraft:emerald":9,"minecraft:dirt":15,"kimetsunoyaiba:human_flesh_2":2,"minecraft:iron_trapdoor":2,"minecraft:ink_sac":3,"minecraft:mutton":6,"minecraft:smooth_quartz":1,"minecraft:iron_leggings":1,"kimetsunoyaiba:nichirinsword":1,"gravestone:obituary":12,"minecraft:wooden_sword":2,"minecraft:sand":14,"minecraft:cactus":2,"minecraft:string":6,"minecraft:white_wool":2,"minecraft:dandelion":6,"minecraft:bone":3,"quark:ancient_tome":16,"minecraft:blue_terracotta":1,"minecraft:kelp":28,"betteranimalsplus:pheasantraw":2,"kimetsunoyaiba:zenitsu_head_helmet":1,"minecraft:stone_sword":2,"kimetsunoyaiba:nichirinsword_black":2,"minecraft:stripped_dark_oak_log":1,"minecraft:rotten_flesh":8,"kimetsunoyaiba:uniform_chestplate":2,"kimetsunoyaiba:uniform_boots":1,"minecraft:iron_boots":1,"artifacts:flame_pendant":2,"kimetsunoyaiba:uniform_leggings":2,"minecraft:lily_of_the_valley":1,"kimetsunoyaiba:blooddemonart_rui":2,"minecraft:leather_chestplate":2,"minecraft:shield":2,"minecraft:gunpowder":2,"minecraft:spruce_planks":189,"minecraft:iron_chestplate":1,"minecraft:hopper":2,"minecraft:leather_boots":1,"minecraft:golden_leggings":1,"minecraft:chainmail_boots":2,"betteranimalsplus:antler":1,"minecraft:stone_pressure_plate":1,"minecraft:spider_eye":2,"minecraft:spruce_log":6,"minecraft:sandstone":25,"minecraft:arrow":3,"minecraft:wooden_pickaxe":3,"minecraft:dead_brain_coral_block":1,"kimetsunoyaiba:nichirinsword_inosuke":1,"kimetsunoyaiba:boar_head":2,"kimetsunoyaiba:futon":1},"minecraft:picked_up":{"kimetsunoyaiba:futon":1,"kimetsunoyaiba:muzan_hat_helmet":1,"kimetsunoyaiba:blooddemonart_rui":3,"minecraft:iron_chestplate":1,"minecraft:crafting_table":2,"minecraft:chainmail_boots":2,"minecraft:iron_trapdoor":2,"minecraft:prismarine_shard":4,"kimetsunoyaiba:nichirinsword_thunder":5,"minecraft:wooden_pickaxe":2,"minecraft:enchanted_book":2,"gravestone:obituary":2,"minecraft:shield":3,"minecraft:lapis_block":1,"minecraft:string":7,"kimetsunoyaiba:nichirinsword_inosuke":1,"minecraft:wooden_sword":1,"minecraft:iron_leggings":1,"minecraft:spruce_planks":1,"minecraft:beef":8,"minecraft:smooth_quartz":1,"minecraft:enchanted_golden_apple":1,"minecraft:iron_boots":1,"minecraft:stick":11,"minecraft:sandstone":25,"kimetsunoyaiba:nichirinsword_black":2,"minecraft:porkchop":7,"kimetsunoyaiba:bamboo_fence":3,"kimetsunoyaiba:zenitsu_head_helmet":1,"minecraft:stone_pressure_plate":1,"quark:ancient_tome":11,"minecraft:arrow":3,"minecraft:stone_sword":1,"minecraft:cactus":2,"minecraft:rotten_flesh":8,"kimetsunoyaiba:boar_flesh":2,"minecraft:mutton":7,"minecraft:cod":2,"minecraft:white_wool":4,"minecraft:cobblestone":18,"kimetsunoyaiba:human_flesh_2":10,"minecraft:birch_log":2,"kimetsunoyaiba:bento":4,"minecraft:leather_chestplate":2,"minecraft:feather":5,"kimetsunoyaiba:pancake":8,"minecraft:golden_leggings":1,"minecraft:leather":3,"minecraft:gunpowder":2,"kimetsunoyaiba:boar_head":2,"kimetsunoyaiba:uniform_chestplate":3,"minecraft:dirt":35,"kimetsunoyaiba:kemari":4,"minecraft:bone":4,"minecraft:kelp":28,"minecraft:wheat_seeds":34,"betteranimalsplus:antler":1,"kimetsunoyaiba:human_flesh":19,"artifacts:whoopee_cushion":2,"minecraft:iron_ingot":1,"betteranimalsplus:blubber":8,"minecraft:iron_sword":1,"kimetsunoyaiba:muzanblood":4,"kimetsunoyaiba:clothes_zenitsu_chestplate":1,"minecraft:dandelion":7,"betteranimalsplus:pheasantraw":4,"minecraft:sand":14,"minecraft:spruce_sapling":30,"kimetsunoyaiba:uniform_leggings":2,"minecraft:ink_sac":3,"minecraft:spruce_log":135,"minecraft:lily_of_the_valley":1,"minecraft:spider_eye":2,"kimetsunoyaiba:sakura_mochi":2,"minecraft:leather_helmet":2,"minecraft:blue_terracotta":1,"kimetsunoyaiba:shamisen":3,"kimetsunoyaiba:uniform_boots":1,"minecraft:dead_brain_coral_block":1,"minecraft:crossbow":5,"minecraft:emerald":1,"minecraft:bread":9,"kimetsunoyaiba:nichirinsword":1,"minecraft:stripped_dark_oak_log":1,"minecraft:hopper":2},"minecraft:killed_by":{"betteranimalsplus:boar":1,"kimetsunoyaiba:kanroji":1,"kimetsunoyaiba:rui_sister":1,"kimetsunoyaiba:daki":1,"kimetsunoyaiba:hairo":1,"kimetsunoyaiba:demon_2":1},"minecraft:used":{"minecraft:stone_sword":7,"minecraft:spruce_planks":5,"minecraft:shield":24,"kimetsunoyaiba:human_flesh":5,"minecraft:dirt":20,"kimetsunoyaiba:bento":3,"kimetsunoyaiba:nichirinsword_thunder":203,"kimetsunoyaiba:boar_flesh":2,"kimetsunoyaiba:muzanblood":4,"kimetsunoyaiba:bamboo_fence":3,"kimetsunoyaiba:blooddemonart_rui":61,"minecraft:enchanted_golden_apple":1,"kimetsunoyaiba:pancake":3,"minecraft:stone_pickaxe":37,"betteranimalsplus:blubber":8,"minecraft:wooden_pickaxe":19,"kimetsunoyaiba:human_flesh_2":5,"minecraft:white_wool":2,"minecraft:golden_apple":3,"betteranimalsplus:pheasantraw":2,"minecraft:crafting_table":3,"minecraft:spruce_log":130,"minecraft:bread":34,"minecraft:stone_axe":19,"minecraft:wooden_sword":1,"minecraft:porkchop":5,"minecraft:lapis_block":1},"minecraft:killed":{"guardvillagers:guard":4,"betteranimalsplus:coyote":4,"minecraft:cave_spider":1,"minecraft:witch":1,"kimetsunoyaiba:demon_slayer":3,"betteranimalsplus:boar":1,"betteranimalsplus:butterfly":1,"minecraft:skeleton":4,"kimetsunoyaiba:inosuke":2,"kimetsunoyaiba:yorichi_0":1,"kimetsunoyaiba:demon":1,"minecraft:husk":1,"minecraft:pig":2,"betteranimalsplus:pheasant":1,"minecraft:sheep":2,"minecraft:pillager":1,"minecraft:zombie":1,"minecraft:villager":5,"minecraft:enderman":1,"minecraft:cow":3},"minecraft:mined":{"minecraft:stone_pressure_plate":1,"minecraft:spruce_planks":1,"kimetsunoyaiba:bento_block":4,"kimetsunoyaiba:fusuma_mesh":1,"gravestone:gravestone":11,"minecraft:grass_block":7,"minecraft:hopper":1,"minecraft:kelp":1,"kimetsunoyaiba:sakura_mochi_block":2,"minecraft:sandstone":25,"kimetsunoyaiba:futon_2":1,"minecraft:tall_seagrass":2,"minecraft:fire":2,"minecraft:stone":18,"minecraft:white_wool":1,"minecraft:kelp_plant":4,"minecraft:stripped_dark_oak_log":1,"minecraft:crafting_table":2,"minecraft:dead_bush":2,"minecraft:tall_grass":4,"kimetsunoyaiba:pancake_block":3,"minecraft:seagrass":2,"kimetsunoyaiba:shamisen_block":3,"minecraft:blue_terracotta":1,"minecraft:spruce_log":135,"minecraft:grass":20,"minecraft:smooth_quartz":1,"minecraft:sand":5,"minecraft:dirt":11,"minecraft:oak_leaves":8,"minecraft:iron_trapdoor":1,"kimetsunoyaiba:bamboo_fence":2},"minecraft:custom":{"lootr:looted_stat":37,"minecraft:mob_kills":67,"minecraft:interact_with_crafting_table":4,"minecraft:open_barrel":11,"minecraft:damage_dealt_resisted":4638,"minecraft:leave_game":3,"minecraft:time_since_death":30822,"minecraft:climb_one_cm":7095,"minecraft:damage_resisted":4824,"minecraft:sprint_one_cm":633692,"minecraft:walk_one_cm":660565,"minecraft:damage_blocked_by_shield":675,"minecraft:drop":180,"minecraft:talked_to_villager":11,"minecraft:deaths":11,"minecraft:sneak_time":1543,"minecraft:walk_under_water_one_cm":27347,"minecraft:interact_with_lectern":2,"minecraft:jump":4189,"minecraft:walk_on_water_one_cm":56719,"minecraft:play_one_minute":172506,"minecraft:raid_trigger":1,"minecraft:time_since_rest":30909,"minecraft:damage_taken":7251,"minecraft:damage_absorbed":264,"minecraft:damage_dealt":5321,"minecraft:swim_one_cm":62608,"minecraft:fly_one_cm":1101403,"minecraft:open_chest":15,"minecraft:crouch_one_cm":2453,"minecraft:fall_one_cm":315214}},"DataVersion":2586}