{"stats":{"minecraft:crafted":{"minecraft:crafting_table":1,"minecraft:spruce_planks":264,"minecraft:stick":8,"minecraft:wooden_pickaxe":1,"minecraft:stone_pickaxe":1,"minecraft:stone_sword":1,"minecraft:stone_axe":2},"minecraft:picked_up":{"minecraft:stick":10,"minecraft:crafting_table":2,"minecraft:prismarine_shard":4,"minecraft:wooden_pickaxe":2,"gravestone:obituary":1,"minecraft:spruce_sapling":30,"minecraft:spruce_log":135,"minecraft:string":1,"kimetsunoyaiba:uniform_chestplate":1,"minecraft:spider_eye":1,"minecraft:dirt":19,"minecraft:wooden_sword":1,"minecraft:stone_sword":1,"minecraft:bone":2,"minecraft:rotten_flesh":1,"minecraft:kelp":28,"betteranimalsplus:antler":1,"kimetsunoyaiba:boar_flesh":1,"minecraft:cod":2,"minecraft:cobblestone":17},"minecraft:killed":{"minecraft:cave_spider":1,"betteranimalsplus:butterfly":1},"minecraft:custom":{"minecraft:time_since_rest":7725,"minecraft:sprint_one_cm":62401,"minecraft:damage_taken":804,"minecraft:walk_one_cm":73157,"minecraft:mob_kills":4,"minecraft:drop":8,"minecraft:damage_dealt":457,"minecraft:swim_one_cm":8297,"minecraft:interact_with_crafting_table":3,"minecraft:fly_one_cm":82877,"minecraft:play_one_minute":20125,"minecraft:crouch_one_cm":77,"minecraft:deaths":3,"minecraft:sneak_time":143,"minecraft:walk_under_water_one_cm":11466,"minecraft:jump":482,"minecraft:walk_on_water_one_cm":12847,"minecraft:time_since_death":7602,"minecraft:damage_resisted":140,"minecraft:fall_one_cm":15725},"minecraft:killed_by":{"kimetsunoyaiba:hairo":1,"kimetsunoyaiba:rui_sister":1},"minecraft:used":{"minecraft:stone_sword":7,"minecraft:bread":6,"minecraft:stone_pickaxe":1,"minecraft:wooden_pickaxe":19,"kimetsunoyaiba:nichirinsword_thunder":13,"minecraft:stone_axe":5,"minecraft:wooden_sword":1,"minecraft:dirt":4,"minecraft:crafting_table":2,"minecraft:spruce_log":130},"minecraft:broken":{"minecraft:stone_axe":1},"minecraft:mined":{"minecraft:kelp_plant":4,"minecraft:spruce_log":135,"minecraft:crafting_table":2,"gravestone:gravestone":3,"minecraft:grass":5,"minecraft:grass_block":7,"minecraft:dirt":11,"minecraft:stone":18,"minecraft:kelp":1},"minecraft:dropped":{"minecraft:dirt":1,"minecraft:stone_sword":1,"gravestone:obituary":2,"minecraft:wooden_sword":2,"minecraft:wooden_pickaxe":2}},"DataVersion":2586}