{"stats":{"minecraft:crafted":{"minecraft:crafting_table":1,"minecraft:spruce_planks":264,"minecraft:stick":8,"minecraft:wooden_pickaxe":1,"minecraft:stone_pickaxe":1,"minecraft:stone_sword":1,"minecraft:stone_axe":2},"minecraft:picked_up":{"minecraft:stick":10,"minecraft:crafting_table":2,"minecraft:wooden_pickaxe":2,"minecraft:spruce_sapling":30,"minecraft:spruce_log":135,"minecraft:dirt":18,"minecraft:wooden_sword":1,"minecraft:cobblestone":17},"minecraft:killed":{"betteranimalsplus:butterfly":1},"minecraft:custom":{"minecraft:time_since_rest":3191,"minecraft:sprint_one_cm":33343,"minecraft:damage_taken":250,"minecraft:walk_one_cm":23379,"minecraft:mob_kills":1,"minecraft:drop":4,"minecraft:damage_dealt":144,"minecraft:interact_with_crafting_table":3,"minecraft:fly_one_cm":29987,"minecraft:play_one_minute":8125,"minecraft:crouch_one_cm":77,"minecraft:deaths":2,"minecraft:sneak_time":73,"minecraft:jump":207,"minecraft:walk_on_water_one_cm":3188,"minecraft:time_since_death":3160,"minecraft:fall_one_cm":4179},"minecraft:killed_by":{"kimetsunoyaiba:hairo":1,"kimetsunoyaiba:rui_sister":1},"minecraft:used":{"minecraft:stone_sword":7,"minecraft:wooden_pickaxe":19,"minecraft:stone_axe":5,"minecraft:wooden_sword":1,"minecraft:dirt":4,"minecraft:crafting_table":2,"minecraft:spruce_log":130},"minecraft:broken":{"minecraft:stone_axe":1},"minecraft:dropped":{"gravestone:obituary":1,"minecraft:wooden_sword":1,"minecraft:wooden_pickaxe":2},"minecraft:mined":{"minecraft:spruce_log":135,"minecraft:crafting_table":2,"gravestone:gravestone":2,"minecraft:grass":1,"minecraft:grass_block":7,"minecraft:dirt":11,"minecraft:stone":17}},"DataVersion":2586}